Season,Player,Position,School,Conference,Height (inches),Weight(lbs),Hand (inches),Arm (inches),Wingspan (inches),40-Yard Dash (seconds),Vertical (inches),Bench (reps),Broad Jump (inches),3-Cone (seconds),Shuttle (seconds),Overall Pick,Combine Participation
2023,Israel Abanikanda,RB,Pittsburgh,ACC,70.00,216,8.25,32.00,76.00,4.54,34.50,20,121.00,6.94,4.42,143,0
2023,Yasir Abdullah,LB,Louisville,ACC,72.63,237,9.25,32.38,79.13,4.47,36.50,26,129.00,7.38,4.32,136,1
2023,Devon Achane,RB,Texas A&M,SEC,68.50,188,8.50,29.00,69.13,4.32,33.00,20,120.00,7.57,4.99,84,1
2023,Jordan Addison,WR,USC,Pac-12,71.13,173,8.75,30.88,74.50,4.49,34.00,13,122.00,6.91,4.29,23,1
2023,Adetomiwa Adebawore,DE,Northwestern,Big Ten,73.63,282,10.50,33.88,81.63,4.49,37.50,27,125.00,7.51,4.52,110,1
2023,Alan Ali,C,TCU,Big 12,76.00,301,9.50,32.88,77.63,5.24,26.50,20,99.00,8.08,4.86,300,1
2023,Davis Allen,TE,Clemson,ACC,77.88,245,10.00,32.25,79.75,4.84,38.50,21,125.00,6.92,4.29,175,1
2023,MJ Anderson,DE,Iowa St.,Big 12,74.50,269,9.25,33.75,82.00,4.68,33.00,20,117.00,7.43,4.52,300,1
2023,Jake Andrews,C,Troy,Sun Belt,74.75,305,10.00,32.88,78.00,5.15,26.00,20,102.00,8.06,4.73,107,1
2023,Felix Anudike-Uzomah,EDGE,Kansas St.,Big 12,75.13,255,9.63,33.50,80.13,4.62,33.00,23,120.00,7.17,4.44,31,0
2023,Malaesala Aumavae-Laulu,OT,Oregon,Pac-12,77.50,317,10.50,34.50,82.88,5.23,28.50,20,106.00,7.65,4.75,199,1
2023,Alex Austin,CB,Oregon St.,Pac-12,73.00,195,8.50,31.88,76.25,4.55,33.00,15,122.00,6.51,4.33,252,1
2023,Steve Avila,OG,TCU,Big 12,75.50,332,9.25,33.00,78.00,5.21,29.50,20,98.00,7.85,4.74,36,1
2023,Tyson Bagent,QB,Shepherd,PSAC,75.13,213,9.50,30.13,74.88,4.79,36.00,20,120.00,6.95,4.36,300,1
2023,Henry Bainivalu,OG,Washington,Pac-12,77.75,306,10.75,34.00,81.13,5.50,28.00,20,101.00,8.34,4.97,300,1
2023,Habakkuk Baldonado,EDGE,Pittsburgh,ACC,76.25,251,10.50,33.00,79.38,4.78,35.00,21,120.00,7.11,4.44,300,1
2023,Deonte Banks,CB,Maryland,Big Ten,72.13,197,9.38,31.38,77.13,4.35,42.00,14,136.00,7.05,4.25,24,1
2023,Jeremy Banks,LB,Tennessee,SEC,72.75,232,9.50,32.00,77.25,4.53,37.50,25,127.00,7.27,4.38,300,1
2023,Bryce Baringer,P,Michigan St.,Big Ten,74.00,216,9.00,30.50,76.63,4.83,34.00,20,109.00,7.27,4.44,192,0
2023,Micah Baskerville,LB,LSU,SEC,72.50,221,9.63,31.25,77.88,4.56,31.00,18,115.00,7.44,4.44,300,1
2023,TJ Bass,OG,Oregon,Pac-12,76.38,317,9.25,32.38,79.00,5.48,28.50,20,109.00,7.67,4.74,300,1
2023,Jordan Battle,DB,Alabama,SEC,73.00,209,8.50,32.00,74.63,4.55,36.50,17,124.00,6.86,4.09,95,1
2023,Robert Beal,EDGE,Georgia,SEC,75.75,247,10.13,34.63,82.25,4.48,30.00,23,123.00,7.35,4.45,173,1
2023,Ronnie Bell,WR,Michigan,Big Ten,71.63,191,9.50,31.00,75.00,4.54,38.50,14,120.00,6.98,4.15,253,1
2023,Jakorian Bennett,CB,Maryland,Big Ten,70.63,188,9.13,31.88,77.00,4.30,40.50,13,133.00,6.63,4.27,104,1
2023,Stetson Bennett,QB,Georgia,SEC,71.38,192,10.00,28.88,72.00,4.67,33.50,20,118.00,7.12,4.20,128,1
2023,Keeanu Benton,DT,Wisconsin,Big Ten,75.75,309,9.75,33.88,81.50,5.08,29.50,25,111.00,7.34,4.65,49,1
2023,Matthew Bergeron,OT,Syracuse,ACC,77.00,318,9.50,33.75,81.88,5.21,30.50,20,103.00,7.61,4.68,38,1
2023,Tank Bigsby,RB,Auburn,SEC,71.63,210,9.50,32.00,76.63,4.56,32.50,20,119.00,7.23,4.68,88,1
2023,Mekhi Blackmon,CB,USC,Pac-12,71.00,178,9.25,31.00,75.63,4.47,36.00,11,125.00,6.51,4.31,102,1
2023,Jake Bobo,WR,UCLA,Pac-12,76.00,206,10.00,32.25,78.13,4.51,36.50,18,128.00,6.95,4.29,300,0
2023,Kayshon Boutte,WR,LSU,SEC,71.25,195,9.50,31.38,76.88,4.50,29.00,16,118.00,6.93,4.25,187,1
2023,Lance Boykin,CB,Coastal Carolina,Sun Belt,74.00,200,9.75,32.38,78.13,4.48,37.00,13,124.00,6.83,4.30,300,1
2023,Anthony Bradford,OG,LSU,SEC,76.00,332,9.50,33.50,80.38,5.08,30.00,20,106.00,7.84,4.80,108,1
2023,Brian Branch,CB,Alabama,SEC,71.63,190,9.50,30.75,78.13,4.58,34.50,14,125.00,6.51,4.30,45,1
2023,Julius Brents,CB,Kansas St.,Big 12,74.75,198,9.63,34.00,82.63,4.53,41.50,15,138.00,6.63,4.05,44,1
2023,Bryan Bresee,DT,Clemson,ACC,77.50,298,10.25,32.50,78.13,4.86,29.00,22,110.00,7.57,4.82,29,1
2023,Nick Broeker,OG,Mississippi,SEC,76.00,305,9.75,32.50,76.63,5.27,29.00,20,108.00,7.75,4.70,230,1
2023,Matthew Brooks,P,Tennessee,SEC,77.25,201,9.75,31.50,78.75,4.83,34.00,20,109.00,7.27,4.44,300,0
2023,Jalen Brooks,WR,South Carolina,SEC,73.00,201,9.50,34.13,80.25,4.69,35.00,17,130.00,7.15,4.31,244,1
2023,Myles Brooks,CB,Louisiana Tech,Conference USA,73.00,201,9.50,30.75,74.50,4.48,36.50,14,126.00,6.88,4.29,300,0
2023,Cameron Brown,CB,Ohio St.,Big Ten,72.00,199,9.00,31.00,75.88,4.47,36.50,14,126.00,6.90,4.29,300,0
2023,Chase Brown,RB,Illinois,Big Ten,69.50,209,10.00,31.00,75.13,4.43,40.00,20,127.00,6.64,4.14,163,1
2023,Ji'Ayir Brown,DB,Penn St.,Big Ten,71.38,203,10.13,31.25,75.75,4.65,32.50,18,119.00,7.03,4.21,87,1
2023,Sydney Brown,DB,Illinois,Big Ten,69.75,211,10.25,31.50,76.00,4.47,40.50,23,130.00,6.68,4.07,66,1
2023,Jason Brownlee,WR,Southern Mississippi,Sun Belt,74.00,198,9.75,33.75,80.38,4.59,39.50,16,131.00,6.94,4.29,300,1
2023,Arquon Bush,CB,Cincinnati,AAC,71.88,187,9.25,29.88,72.38,4.54,33.50,11,115.00,6.51,4.35,300,1
2023,Jack Campbell,LB,Iowa,Big Ten,76.63,249,10.25,31.88,78.25,4.65,37.50,29,128.00,6.74,4.24,18,1
2023,Anders Carlson,K,Auburn,SEC,77.00,218,9.50,31.63,80.13,4.58,34.00,20,121.00,7.27,4.44,207,0
2023,Jalen Carter,DT,Georgia,SEC,75.00,314,10.25,33.50,81.00,5.13,29.00,25,106.00,7.65,4.82,9,0
2023,Zach Charbonnet,RB,UCLA,Pac-12,72.38,214,9.88,32.00,75.63,4.53,37.00,20,122.00,6.87,4.35,52,1
2023,Kei'Trel Clark,CB,Louisville,ACC,70.25,181,8.25,29.63,72.38,4.42,34.50,12,122.00,6.51,4.21,180,1
2023,Jerrod Clark,DT,Coastal Carolina,Sun Belt,75.63,334,10.13,32.63,82.00,5.25,27.50,26,102.00,7.60,4.83,300,1
2023,Keondre Coburn,DT,Texas,Big 12,73.63,332,9.13,31.50,76.63,5.22,27.50,24,101.00,7.75,4.79,194,1
2023,Chamarri Conner,DB,Virginia Tech,ACC,72.00,202,9.00,31.38,76.13,4.51,40.50,20,125.00,6.84,4.34,119,1
2023,Jacob Copeland,WR,Maryland,Big Ten,71.25,201,8.63,31.63,76.75,4.42,33.00,20,127.00,7.01,4.47,300,1
2023,Brenton Cox,EDGE,Florida,SEC,75.88,250,9.25,33.13,80.75,4.82,33.00,24,115.00,7.22,4.44,300,1
2023,Malik Cunningham,QB,Louisville,ACC,71.75,192,9.50,31.38,75.38,4.53,32.50,20,117.00,7.18,4.33,300,1
2023,McClendon Curtis,OG,Tennessee-Chattanooga,SoCon,78.00,324,10.25,35.00,83.88,5.24,26.50,20,105.00,7.70,4.97,300,1
2023,DJ Dale,DT,Alabama,SEC,72.88,302,9.75,32.88,78.63,5.26,25.50,19,98.00,7.69,4.80,300,1
2023,Braeden Daniels,OT,Utah,Pac-12,76.00,294,9.38,33.00,81.88,4.99,30.50,20,109.00,7.53,4.60,118,1
2023,Derius Davis,WR,TCU,Big 12,68.38,165,8.00,29.25,69.00,4.36,36.50,12,126.00,6.90,4.38,125,1
2023,Nathaniel Dell,WR,Houston,AAC,68.38,165,8.63,30.50,74.25,4.49,34.50,11,121.00,6.90,4.29,69,1
2023,SirVocea Dennis,LB,Pittsburgh,ACC,72.50,226,10.63,32.88,78.88,4.56,33.00,19,119.00,7.35,4.40,153,1
2023,Gervon Dexter,DT,Florida,SEC,77.63,310,9.50,32.25,80.88,4.88,31.00,22,110.00,7.50,4.73,53,1
2023,YaYa Diaby,DE,Louisville,ACC,75.38,263,10.38,33.88,80.50,4.51,37.00,19,120.00,7.32,4.52,82,1
2023,Demario Douglas,WR,Liberty,FBS Independent,68.00,179,8.75,30.25,72.50,4.44,39.50,14,134.00,6.92,4.29,210,1
2023,Josh Downs,WR,North Carolina,ACC,69.00,179,9.25,30.38,73.38,4.48,38.50,13,131.00,6.91,4.29,79,1
2023,Grant DuBose,WR,Charlotte,Conference USA,74.00,201,9.50,31.88,77.88,4.57,35.00,17,125.00,6.89,4.32,256,1
2023,Max Duggan,QB,TCU,Big 12,73.50,207,9.88,31.38,73.38,4.52,30.50,20,116.00,7.26,4.45,239,1
2023,Jaelyn Duncan,OT,Maryland,Big Ten,77.63,306,9.38,33.00,79.13,5.10,31.50,20,113.00,7.60,4.69,186,1
2023,Christopher Dunn,K,North Carolina St.,ACC,68.00,175,8.50,29.63,71.38,4.58,34.00,20,121.00,7.27,4.44,300,0
2023,Payne Durham,TE,Purdue,Big Ten,77.63,253,9.75,33.38,80.38,4.87,34.50,21,117.00,7.42,4.26,171,1
2023,Travis Dye,RB,USC,Pac-12,70.00,201,9.25,27.13,70.25,4.46,35.50,20,122.00,7.16,4.61,300,0
2023,Ikenna Enechukwu,DE,Rice,Conference USA,76.25,264,9.63,33.63,81.50,4.70,31.50,28,120.00,7.40,4.52,300,1
2023,Tiyon Evans,RB,Louisville,ACC,69.50,225,8.50,30.38,74.38,4.52,30.50,20,119.00,6.99,4.47,300,1
2023,Zach Evans,RB,Mississippi,SEC,71.00,202,10.25,31.63,73.25,4.47,36.00,20,122.00,7.14,4.60,215,0
2023,Zay Flowers,WR,Boston Col.,ACC,69.00,182,9.25,29.25,72.25,4.42,35.50,14,127.00,6.92,4.29,22,1
2023,Emmanuel Forbes,CB,Mississippi St.,SEC,72.75,181,8.50,32.25,79.00,4.35,37.50,12,131.00,6.51,4.29,16,1
2023,Bryce Ford-Wheaton,WR,West Virginia,Big 12,76.00,221,9.38,33.50,82.25,4.38,41.00,20,129.00,6.97,4.15,300,1
2023,Alex Forsyth,C,Oregon,Pac-12,76.00,303,10.25,32.75,81.38,5.24,20.50,20,95.00,8.08,4.92,257,1
2023,Isaiah Foskey,EDGE,Notre Dame,FBS Independent,77.25,264,9.88,34.00,81.25,4.58,34.00,22,125.00,7.28,4.41,40,1
2023,Blake Freeland,OT,BYU,FBS Independent,79.88,302,10.00,33.88,81.88,4.98,37.00,20,120.00,7.46,4.71,106,1
2023,Jon Gaines,OG,UCLA,Pac-12,76.00,303,10.13,33.63,81.25,5.01,32.50,20,114.00,7.31,4.45,122,1
2023,Connor Galvin,OT,Baylor,Big 12,78.63,293,9.00,32.38,78.38,5.48,30.50,20,104.00,8.00,4.92,300,1
2023,Mekhi Garner,CB,LSU,SEC,74.00,212,10.13,32.25,78.00,4.55,38.00,15,128.00,7.21,4.27,300,1
2023,Ali Gaye,EDGE,LSU,SEC,78.00,263,9.50,34.25,80.13,4.63,32.00,23,118.00,7.33,4.44,300,0
2023,Jahmyr Gibbs,RB,Alabama,SEC,69.13,199,9.25,30.50,74.13,4.36,33.50,20,120.00,7.32,4.77,12,1
2023,Noah Gindorff,TE,North Dakota St.,MVFC,78.00,263,10.00,33.13,80.25,4.68,32.50,16,118.00,6.75,4.21,300,1
2023,Christian Gonzalez,CB,Oregon,Pac-12,73.38,197,9.50,32.00,76.88,4.38,41.50,14,133.00,6.89,4.26,17,1
2023,Richard Gouraige,OT,Florida,SEC,77.00,306,10.00,34.00,81.13,5.15,30.00,20,108.00,7.60,4.69,300,0
2023,Jalen Graham,LB,Purdue,Big Ten,73.88,220,9.88,33.00,78.75,4.64,30.50,17,112.00,7.32,4.45,255,1
2023,Eric Gray,RB,Oklahoma,Big 12,69.50,207,9.75,29.63,71.38,4.50,37.50,20,118.00,7.06,4.52,172,1
2023,Antoine Green,WR,North Carolina,ACC,73.75,199,9.00,32.13,76.75,4.47,33.50,17,123.00,6.99,4.27,219,1
2023,Jovaughn Gwyn,OG,South Carolina,SEC,73.88,297,9.88,31.75,77.00,5.12,27.50,20,109.00,7.90,4.80,225,1
2023,Jake Haener,QB,Fresno St.,Mountain West,72.00,207,9.38,29.75,73.00,4.60,35.00,20,114.00,7.01,4.35,127,1
2023,Derick Hall,EDGE,Auburn,SEC,74.75,254,10.00,34.50,82.63,4.55,33.50,23,127.00,7.22,4.45,37,1
2023,Jaren Hall,QB,BYU,FBS Independent,72.00,207,9.50,29.75,71.88,4.60,34.00,20,119.00,7.08,4.35,164,0
2023,Nick Hampton,EDGE,Appalachian St.,Sun Belt,74.25,236,9.50,33.63,80.63,4.58,35.50,23,120.00,7.07,4.45,161,1
2023,Anton Harrison,OT,Oklahoma,Big 12,76.38,315,9.75,34.13,80.75,4.98,28.50,20,105.00,7.61,4.68,27,1
2023,Zach Harrison,EDGE,Ohio St.,Big Ten,77.50,274,10.00,36.25,85.50,4.62,31.00,25,116.00,7.40,4.43,75,1
2023,Jadon Haselwood,WR,Arkansas,SEC,74.25,215,10.00,31.25,75.63,4.66,37.00,19,123.00,6.98,4.31,300,1
2023,Ryan Hayes,OT,Michigan,Big Ten,78.38,298,10.00,32.50,79.00,5.18,30.00,20,103.00,7.39,4.71,238,1
2023,Malik Heath,WR,Mississippi,SEC,74.38,213,9.13,32.50,79.88,4.64,34.00,19,124.00,6.96,4.46,300,1
2023,DeMarcco Hellams,DB,Alabama,SEC,72.63,203,9.00,31.00,74.88,4.57,31.00,18,121.00,7.02,4.23,224,1
2023,Daiyan Henley,LB,Washington St.,Pac-12,72.88,225,9.50,33.00,77.75,4.54,35.00,22,125.00,7.44,4.37,85,1
2023,KJ Henry,EDGE,Clemson,ACC,76.00,251,10.00,33.00,79.00,4.63,31.50,23,112.00,7.18,4.44,137,1
2023,Nick Herbig,EDGE,Wisconsin,Big Ten,74.13,240,9.25,31.25,76.00,4.65,34.50,25,124.00,7.24,4.45,132,1
2023,Shaka Heyward,LB,Duke,ACC,75.00,235,9.50,34.00,80.88,4.53,31.00,22,116.00,7.32,4.40,300,1
2023,Ronnie Hickman,DB,Ohio St.,Big Ten,72.50,203,9.38,33.00,78.00,4.55,36.00,18,123.00,6.93,4.26,300,0
2023,Elijah Higgins,WR,Stanford,Pac-12,75.00,235,10.50,31.75,77.75,4.54,35.00,22,126.00,7.01,4.29,197,1
2023,Brandon Hill,DB,Pittsburgh,ACC,70.38,193,9.50,30.75,74.13,4.43,35.50,15,123.00,7.04,4.54,248,1
2023,Tre'Vius Hodges-Tomlinson,CB,TCU,Big 12,67.63,178,8.63,29.00,71.00,4.41,39.00,12,132.00,6.51,4.28,182,1
2023,Hendon Hooker,QB,Tennessee,SEC,75.00,217,10.50,33.00,79.25,4.58,35.00,20,120.00,7.07,4.36,68,0
2023,Dylan Horton,EDGE,TCU,Big 12,76.00,257,9.50,33.13,78.50,4.63,34.00,18,120.00,6.97,4.44,109,1
2023,Jordan Howden,DB,Minnesota,Big Ten,71.63,203,9.50,32.25,77.13,4.49,33.50,14,119.00,7.04,4.22,146,1
2023,Evan Hull,RB,Northwestern,Big Ten,70.13,209,9.25,30.63,74.38,4.47,37.00,20,123.00,6.90,4.38,176,1
2023,Xavier Hutchinson,WR,Iowa St.,Big 12,73.88,203,9.38,31.38,74.88,4.53,36.00,17,116.00,6.91,4.35,205,1
2023,Jalin Hyatt,WR,Tennessee,SEC,72.13,176,9.00,32.50,77.63,4.40,40.00,14,135.00,6.92,4.29,73,1
2023,Mohamed Ibrahim,RB,Minnesota,Big Ten,68.00,203,9.00,28.63,69.63,4.47,35.00,20,121.00,7.13,4.59,300,0
2023,Andre Carter II,EDGE,Army,FBS Independent,78.50,256,9.38,33.38,81.00,4.74,30.00,11,109.00,6.83,4.36,300,1
2023,Jason Taylor II,DB,Oklahoma St.,Big 12,71.63,204,10.00,32.00,78.25,4.50,43.00,14,129.00,6.78,4.29,234,1
2023,Mark Evans II,OT,University of Arkansas at Pine Bluff,SWAC,74.50,303,10.38,32.38,79.00,5.44,26.50,20,101.00,7.75,4.92,300,1
2023,Rashad Torrence II,DB,Florida,SEC,71.63,193,10.00,32.00,77.63,4.72,33.50,20,119.00,7.08,4.54,300,1
2023,Trey Dean III,DB,Florida,SEC,74.13,200,9.25,31.75,76.63,4.75,36.50,25,124.00,6.88,4.40,300,1
2023,Clark Phillips III,CB,Utah,Pac-12,69.00,184,9.13,29.13,70.38,4.51,33.00,18,133.00,6.51,4.32,113,1
2023,Siaki Ika,DT,Baylor,Big 12,74.88,335,10.25,32.38,75.88,5.39,28.00,26,101.00,7.80,4.99,98,1
2023,Thomas Incoom,EDGE,Central Michigan,MAC,74.00,262,8.75,33.25,78.88,4.66,30.50,23,118.00,7.15,4.44,300,1
2023,Andrei Iosivas,WR,Princeton,Ivy League,75.13,205,8.75,32.00,76.75,4.43,39.00,19,128.00,6.85,4.12,206,1
2023,Will McDonald IV,EDGE,Iowa St.,Big 12,75.63,239,9.50,34.88,82.25,4.55,36.00,23,132.00,7.31,4.46,15,1
2023,Kearis Jackson,WR,Georgia,SEC,71.38,196,9.38,31.25,75.00,4.55,36.50,16,126.00,6.93,4.29,300,1
2023,Rakim Jarrett,WR,Maryland,Big Ten,71.88,192,9.38,31.38,75.88,4.44,35.50,13,123.00,6.93,4.29,300,1
2023,Michael Jefferson,WR,Louisiana,Sun Belt,75.75,199,9.63,32.50,79.38,4.56,37.00,16,133.00,7.03,4.56,300,1
2023,Jaray Jenkins,WR,LSU,SEC,73.63,204,10.00,31.75,75.75,4.60,29.50,20,121.00,6.94,4.29,300,1
2023,CJ Johnson,WR,East Carolina,AAC,73.50,224,10.25,32.00,78.50,4.56,36.00,20,125.00,6.96,4.29,300,0
2023,DJ Johnson,EDGE,Oregon,Pac-12,76.00,260,9.00,33.25,80.13,4.49,32.00,28,110.00,7.37,4.44,80,1
2023,Anthony Johnson,CB,Virginia,ACC,72.00,205,8.75,31.25,75.88,4.63,30.50,15,116.00,6.63,4.33,242,1
2023,Antonio Johnson,DB,Texas A&M,SEC,74.00,198,9.75,32.13,77.88,4.52,31.00,8,118.00,7.16,4.35,160,1
2023,Roschon Johnson,RB,Texas,Big 12,72.25,219,9.63,32.00,76.88,4.58,31.50,20,122.00,7.01,4.48,115,1
2023,Quentin Johnston,WR,TCU,Big 12,75.00,208,9.63,33.63,81.63,4.51,40.50,18,134.00,6.95,4.29,21,1
2023,Broderick Jones,OT,Georgia,SEC,77.38,311,10.63,34.75,82.75,4.97,30.00,20,108.00,7.60,4.69,14,1
2023,Cam Jones,LB,Indiana,Big Ten,73.00,226,9.50,31.25,77.13,4.69,33.00,17,119.00,7.08,4.39,300,1
2023,Charlie Jones,WR,Purdue,Big Ten,71.38,175,9.00,31.63,74.00,4.43,36.50,13,124.00,6.91,4.29,131,1
2023,Dawand Jones,OT,Ohio St.,Big Ten,80.25,374,11.63,36.38,87.88,5.35,26.00,20,112.00,7.61,4.60,111,1
2023,Jaylon Jones,CB,Texas A&M,SEC,74.00,200,9.00,30.75,76.75,4.57,38.00,14,122.00,6.88,4.30,221,1
2023,Nic Jones,CB,Ball St.,MAC,72.00,189,10.00,32.38,76.75,4.51,34.50,13,122.00,6.51,4.34,250,1
2023,Tyreque Jones,DB,Boise St.,Mountain West,74.00,195,9.63,33.75,80.38,4.52,32.00,18,119.00,7.10,4.48,300,1
2023,Brandon Joseph,DB,Notre Dame,FBS Independent,72.38,202,9.00,30.88,74.75,4.62,30.50,17,118.00,7.08,4.23,300,1
2023,Andre Jones Jr.,EDGE,Louisiana,Sun Belt,76.50,248,10.00,34.25,81.25,4.67,29.00,23,116.00,7.35,4.44,233,1
2023,Anthony Johnson Jr.,DB,Iowa St.,Big 12,72.00,205,8.75,31.25,75.88,4.54,37.50,18,125.00,6.87,4.22,242,1
2023,Chris Rodriguez Jr.,RB,Kentucky,SEC,72.00,217,8.63,30.63,73.63,4.55,34.50,20,122.00,6.92,4.40,193,0
2023,Viliami Fehoko Jr.,DE,San Jose St.,Mountain West,76.00,276,9.00,33.00,77.38,4.74,34.00,24,118.00,7.50,4.52,129,1
2023,Will Anderson Jr.,EDGE,Alabama,SEC,75.50,253,9.88,33.88,81.00,4.60,33.00,23,120.00,7.22,4.44,3,1
2023,Earl Bostick Jr.,OT,Kansas,Big 12,77.75,309,9.50,34.13,80.75,5.05,31.00,20,111.00,7.60,4.69,300,1
2023,Dontay Demus Jr.,WR,Maryland,Big Ten,75.00,212,9.75,34.25,79.63,4.57,35.50,19,123.00,6.95,4.39,300,1
2023,Emil Ekiyor Jr.,OG,Alabama,SEC,74.63,314,9.50,33.88,82.63,5.21,29.00,20,107.00,7.77,4.76,300,0
2023,Paris Johnson Jr.,OT,Ohio St.,Big Ten,78.38,313,9.50,36.13,85.13,5.14,30.50,20,110.00,7.60,4.68,6,1
2023,Darrell Luter Jr.,CB,South Alabama,Sun Belt,71.75,189,10.38,32.38,77.88,4.46,40.50,10,123.00,6.90,4.43,155,1
2023,Ivan Pace Jr.,LB,Cincinnati,AAC,70.50,231,9.50,30.25,72.00,4.55,33.50,22,119.00,7.44,4.41,300,0
2023,Joey Porter Jr.,CB,Penn St.,Big Ten,74.50,193,10.00,34.00,80.88,4.46,35.00,17,129.00,6.51,4.28,32,1
2023,Calijah Kancey,DT,Pittsburgh,ACC,73.00,281,9.13,30.63,72.75,4.67,30.50,23,114.00,7.48,4.54,19,1
2023,Kyu Blu Kelly,CB,Stanford,Pac-12,72.00,191,9.75,32.00,76.63,4.52,36.00,15,131.00,6.51,4.27,157,1
2023,Dalton Kincaid,TE,Utah,Pac-12,76.00,246,10.25,32.63,78.38,4.67,35.00,21,120.00,7.37,4.30,25,0
2023,Jaxson Kirkland,OG,Washington,Pac-12,79.00,321,10.50,33.50,81.88,5.23,28.50,20,105.00,7.81,4.78,300,0
2023,Malik Knowles,WR,Kansas St.,Big 12,74.00,196,8.75,32.25,77.63,4.49,36.50,16,127.00,6.93,4.29,300,0
2023,Adam Korsak,P,Rutgers,Big Ten,73.00,187,8.75,29.38,74.88,4.83,34.00,20,109.00,7.27,4.44,300,0
2023,Tucker Kraft,TE,South Dakota St.,MVFC,76.75,254,10.00,32.75,79.38,4.69,34.00,23,122.00,7.08,4.29,78,1
2023,Zack Kuntz,TE,Old Dominion,Sun Belt,79.38,255,10.25,34.00,83.13,4.55,40.00,23,128.00,6.87,4.12,220,1
2023,Tyler Lacy,DE,Oklahoma St.,Big 12,76.00,279,10.88,33.25,78.38,5.11,28.50,30,116.00,7.60,4.52,130,1
2023,Brent Laing,OG,Duluth/University of Minnesota,NSIC,76.00,304,9.75,32.38,78.75,5.20,29.00,20,109.00,7.77,4.75,300,0
2023,Isaiah Land,EDGE,Florida A&M,SWAC,75.50,236,9.25,32.50,77.50,4.62,34.50,21,126.00,7.20,4.56,300,1
2023,Matt Landers,WR,Arkansas,SEC,76.38,200,9.25,32.50,79.13,4.37,37.00,17,130.00,6.94,4.29,300,1
2023,Sam LaPorta,TE,Iowa,Big Ten,75.25,245,10.25,32.13,77.50,4.59,35.00,21,123.00,6.91,4.25,34,1
2023,Cameron Latu,TE,Alabama,SEC,76.00,242,9.50,32.38,79.13,4.67,35.50,21,120.00,7.36,4.32,101,0
2023,Eku Leota,EDGE,Auburn,SEC,75.00,252,9.50,33.50,79.75,4.62,33.50,23,121.00,7.17,4.44,300,0
2023,Will Levis,QB,Kentucky,SEC,76.00,229,10.63,32.00,78.13,4.57,34.00,20,124.00,7.11,4.37,33,1
2023,Hunter Luepke,FB,North Dakota St.,MVFC,73.00,230,9.63,31.50,75.75,4.58,34.00,20,121.00,7.27,4.44,300,0
2023,Will Mallory,TE,Miami,ACC,76.50,239,9.38,32.25,78.13,4.54,36.50,20,121.00,7.25,4.33,162,1
2023,Tashawn Manning,OG,Kentucky,SEC,75.13,327,9.75,34.50,82.50,5.34,27.50,20,102.00,7.90,4.80,300,1
2023,Jartavius Martin,DB,Illinois,Big Ten,71.00,194,9.63,31.13,77.38,4.46,44.00,15,133.00,6.79,4.58,47,1
2023,Ochaun Mathis,EDGE,Nebraska,Big Ten,76.75,250,10.75,35.25,83.38,4.74,33.50,21,118.00,7.18,4.38,189,1
2023,Cody Mauch,OT,North Dakota St.,MVFC,77.00,302,9.75,32.38,78.88,5.08,29.00,20,108.00,7.33,4.55,48,1
2023,Michael Mayer,TE,Notre Dame,FBS Independent,76.50,249,9.50,31.63,76.25,4.70,32.50,21,118.00,7.29,4.28,35,1
2023,DeWayne McBride,RB,Alabama-Birmingham,Conference USA,70.00,209,9.50,30.63,73.13,4.50,35.00,20,121.00,7.04,4.51,222,0
2023,Warren McClendon,OT,Georgia,SEC,76.00,306,10.00,34.50,82.75,5.15,30.00,20,108.00,7.60,4.69,174,0
2023,Jordan McFadden,OG,Clemson,ACC,74.25,303,9.50,34.00,81.00,4.99,28.50,20,108.00,7.70,4.81,156,1
2023,Isaiah McGuire,DE,Missouri,SEC,76.00,268,8.63,33.88,82.00,4.76,36.50,25,122.00,7.39,4.52,126,1
2023,Kenny McIntosh,RB,Georgia,SEC,72.25,204,9.00,30.50,76.38,4.62,35.50,20,122.00,7.11,4.57,237,1
2023,Tanner McKee,QB,Stanford,Pac-12,78.00,231,9.38,32.88,79.13,4.57,33.00,20,114.00,7.22,4.41,188,1
2023,Kaevon Merriweather,DB,Iowa,Big Ten,72.00,205,9.25,31.88,77.13,4.62,35.50,18,118.00,6.99,4.17,300,1
2023,Kendre Miller,RB,TCU,Big 12,71.00,215,9.38,32.38,78.50,4.54,34.50,20,121.00,6.96,4.43,71,0
2023,Ventrell Miller,LB,Florida,SEC,72.00,232,9.13,32.50,78.88,4.55,34.00,23,120.00,7.44,4.40,121,0
2023,Marvin Mims,WR,Oklahoma,Big 12,70.88,183,9.00,31.63,74.75,4.38,39.50,14,129.00,6.90,4.29,63,1
2023,Jonathan Mingo,WR,Mississippi,SEC,73.75,220,10.38,32.13,75.75,4.46,39.50,22,129.00,6.96,4.29,39,1
2023,Cameron Mitchell,CB,Northwestern,Big Ten,70.75,191,9.75,31.38,76.13,4.47,35.00,15,128.00,6.51,4.29,142,1
2023,Keaton Mitchell,RB,East Carolina,AAC,67.88,179,9.25,30.75,74.75,4.37,38.00,20,126.00,7.33,4.77,300,1
2023,Jake Moody,K,Michigan,Big Ten,73.00,209,9.50,30.88,75.88,4.58,34.00,20,121.00,7.27,4.44,99,0
2023,Isaiah Moore,LB,North Carolina St.,ACC,74.00,233,9.13,31.75,76.00,4.52,35.00,26,123.00,7.40,4.36,300,1
2023,Jalen Moreno-Cropper,WR,Fresno St.,Mountain West,71.13,172,8.88,30.13,74.75,4.40,34.50,12,121.00,6.91,4.29,300,1
2023,Mike Morris,DE,Michigan,Big Ten,77.13,275,10.00,33.50,81.88,4.95,28.50,22,110.00,7.56,4.52,151,1
2023,Wanya Morris,OT,Oklahoma,Big 12,77.38,307,10.25,35.13,85.00,5.10,28.50,20,111.00,7.60,4.69,92,1
2023,Riley Moss,CB,Iowa,Big Ten,72.63,193,9.50,30.00,74.13,4.45,39.00,12,127.00,6.68,4.29,83,1
2023,Caleb Murphy,EDGE,Ferris St.,GLIAC,75.25,254,10.25,32.75,79.25,4.81,28.50,23,119.00,7.28,4.45,300,1
2023,Myles Murphy,EDGE,Clemson,ACC,77.00,268,8.50,33.75,81.25,4.62,32.00,25,117.00,7.36,4.44,28,1
2023,Luke Musgrave,TE,Oregon St.,Pac-12,77.88,253,10.38,32.63,79.50,4.61,36.00,21,125.00,6.75,4.25,42,1
2023,PJ Mustipher,DT,Penn St.,Big Ten,75.88,320,9.00,32.75,79.38,5.41,27.50,19,96.00,8.01,5.03,300,1
2023,Puka Nacua,WR,BYU,FBS Independent,74.00,201,9.50,32.13,74.88,4.50,36.50,17,126.00,6.94,4.29,177,0
2023,Lukas Van Ness,EDGE,Iowa,Big Ten,77.00,272,11.00,34.00,81.75,4.58,31.00,17,118.00,7.02,4.32,13,1
2023,Joseph Ngata,WR,Clemson,ACC,75.13,217,10.25,31.50,80.38,4.54,34.50,19,124.00,6.96,4.29,300,1
2023,Aidan O'Connell,QB,Purdue,Big Ten,75.00,213,9.75,32.25,76.25,4.59,34.50,20,119.00,7.10,4.35,135,0
2023,Moro Ojomo,DT,Texas,Big 12,74.63,292,10.38,34.50,83.38,5.04,33.00,29,112.00,7.53,4.75,249,1
2023,John Ojukwu,OT,Boise St.,Mountain West,77.75,309,10.75,34.00,83.63,5.24,28.50,20,104.00,7.52,4.52,300,1
2023,BJ Ojulari,EDGE,LSU,SEC,74.00,248,10.50,34.25,81.88,4.59,32.50,23,126.00,7.20,4.45,41,1
2023,Olusegun Oluwatimi,C,Michigan,Big Ten,74.50,309,8.63,32.75,80.25,5.38,29.00,20,110.00,7.76,4.43,154,1
2023,Anfernee Orji,LB,Vanderbilt,SEC,73.00,230,10.25,32.00,78.13,4.53,38.50,23,122.00,7.00,4.43,300,1
2023,DeMarvion Overshown,LB,Texas,Big 12,74.63,229,9.50,32.25,78.13,4.56,34.00,15,124.00,6.62,4.33,90,1
2023,Gervarrius Owens,DB,Houston,AAC,72.00,195,9.50,32.00,78.00,4.53,37.50,15,125.00,6.97,4.52,254,1
2023,Trey Palmer,WR,Nebraska,Big Ten,72.00,192,9.63,31.88,76.13,4.33,36.50,16,126.00,6.93,4.29,191,1
2023,Owen Pappoe,LB,Auburn,SEC,72.25,225,9.13,31.75,78.00,4.39,35.50,29,126.00,7.44,4.38,168,1
2023,Jarrett Patterson,C,Notre Dame,FBS Independent,77.13,306,10.00,31.38,77.00,5.33,29.50,20,106.00,7.96,4.73,201,1
2023,Kyle Patterson,TE,Air Force,Mountain West,77.00,260,9.25,32.50,78.25,4.68,33.50,21,121.00,6.96,4.22,300,0
2023,Camerun Peoples,RB,Appalachian St.,Sun Belt,73.38,217,9.75,32.63,78.63,4.61,37.00,20,121.00,6.85,4.33,300,1
2023,A.T. Perry,WR,Wake Forest,ACC,75.50,198,9.25,33.25,81.63,4.47,35.00,17,133.00,6.94,4.29,195,1
2023,Lonnie Phelps,EDGE,Kansas,Big 12,74.38,244,9.25,32.38,75.38,4.55,35.00,31,124.00,7.40,4.46,300,1
2023,Zacch Pickens,DT,South Carolina,SEC,76.00,291,10.38,34.38,81.63,4.89,30.50,22,116.00,7.45,4.62,64,1
2023,Jack Podlesny,K,Georgia,SEC,72.00,194,9.13,29.63,74.38,4.58,34.00,20,121.00,7.27,4.44,300,0
2023,B.T. Potter,K,Clemson,ACC,70.00,185,8.88,30.38,73.63,4.58,34.00,20,121.00,7.27,4.44,300,0
2023,Deneric Prince,RB,Tulsa,AAC,71.75,216,9.25,31.25,75.00,4.41,35.50,20,124.00,6.83,4.31,300,1
2023,Jose Ramirez,EDGE,Eastern Michigan,MAC,73.88,242,8.75,32.75,78.63,4.73,34.50,21,118.00,6.95,4.30,196,1
2023,Jalen Redmond,DT,Oklahoma,Big 12,74.00,291,10.13,32.63,78.25,4.81,34.50,27,116.00,7.30,4.51,300,1
2023,Jayden Reed,WR,Michigan St.,Big Ten,71.00,187,9.13,30.50,73.13,4.45,33.50,15,121.00,6.92,4.29,50,1
2023,Rashee Rice,WR,SMU,AAC,73.00,204,9.50,32.75,77.38,4.51,41.00,17,128.00,6.94,4.29,55,1
2023,Asim Richards,OT,North Carolina,ACC,76.00,309,10.00,34.00,82.75,5.15,29.50,20,108.00,7.60,4.69,169,0
2023,Anthony Richardson,QB,Florida,SEC,76.25,244,10.50,32.75,79.88,4.43,40.50,20,129.00,6.77,4.37,4,1
2023,Eli Ricks,CB,Alabama,SEC,74.00,188,8.88,32.38,78.88,4.45,37.00,14,128.00,6.51,4.29,300,0
2023,Kelee Ringo,CB,Georgia,SEC,73.75,207,8.50,31.25,74.13,4.36,33.50,15,122.00,6.89,4.30,105,1
2023,Brad Robbins,P,Michigan,Big Ten,72.50,199,9.00,30.38,75.63,4.83,34.00,20,109.00,7.27,4.44,217,0
2023,Tavius Robinson,EDGE,Mississippi,SEC,78.13,257,9.63,33.75,79.25,4.66,33.50,23,120.00,7.38,4.62,124,1
2023,Bijan Robinson,RB,Texas,Big 12,71.00,215,9.75,31.13,74.75,4.46,37.00,20,124.00,6.77,4.26,8,1
2023,Jammie Robinson,DB,Florida St.,ACC,70.63,191,8.75,29.63,72.25,4.59,33.50,23,116.00,7.12,4.58,145,1
2023,Jaquelin Roy,DT,LSU,SEC,75.00,305,10.13,32.75,78.13,5.01,31.00,30,112.00,8.01,5.00,141,1
2023,Darius Rush,CB,South Carolina,SEC,74.00,198,9.50,33.38,79.63,4.36,35.00,13,121.00,6.58,4.31,138,1
2023,Chad Ryland,K,Maryland,Big Ten,72.00,190,9.38,30.13,74.63,4.58,34.00,20,121.00,7.27,4.44,112,0
2023,Nick Saldiveri,OG,Old Dominion,Sun Belt,78.25,318,10.25,33.25,81.25,5.21,31.00,20,111.00,7.57,4.69,103,1
2023,Drew Sanders,LB,Arkansas,SEC,76.00,235,9.75,32.13,76.63,4.55,35.00,24,123.00,6.84,4.33,67,0
2023,John Michael Schmitz,C,Minnesota,Big Ten,75.50,301,9.50,32.63,78.38,5.35,29.50,20,104.00,7.68,4.56,57,1
2023,Luke Schoonmaker,TE,Michigan,Big Ten,77.25,251,9.00,32.88,78.13,4.63,33.50,21,127.00,6.75,4.27,58,1
2023,Daniel Scott,DB,California,Pac-12,72.88,208,10.00,30.25,74.38,4.45,39.50,22,128.00,6.75,4.17,158,1
2023,Tyler Scott,WR,Cincinnati,AAC,70.00,177,9.00,30.88,72.75,4.44,39.50,14,133.00,6.92,4.29,133,1
2023,Juice Scruggs,C,Penn St.,Big Ten,75.25,301,10.25,33.25,81.75,5.22,32.00,20,102.00,7.75,4.82,62,1
2023,Noah Sewell,LB,Oregon,Pac-12,73.50,246,10.00,31.63,76.38,4.64,33.00,27,115.00,7.44,4.39,148,1
2023,Justin Shorter,WR,Florida,SEC,76.00,229,10.00,33.75,83.38,4.55,35.50,18,126.00,6.97,4.29,150,1
2023,Nesta Jade Silvera,DT,Arizona St.,Pac-12,74.00,304,9.88,32.88,78.63,5.16,29.50,25,110.00,7.59,4.72,231,1
2023,Trenton Simpson,LB,Clemson,ACC,74.38,235,10.25,32.38,77.50,4.43,35.00,25,123.00,7.28,4.36,86,1
2023,JL Skinner,DB,Boise St.,Mountain West,76.00,209,8.25,32.00,80.38,4.55,35.00,18,123.00,6.88,4.10,183,0
2023,Peter Skoronski,OT,Northwestern,Big Ten,76.00,313,10.00,32.25,79.50,5.16,34.50,20,115.00,7.80,4.68,11,1
2023,Terell Smith,CB,Minnesota,Big Ten,72.50,207,9.00,32.88,76.75,4.41,34.00,14,120.00,7.02,4.30,165,1
2023,Cam Smith,CB,South Carolina,SEC,72.75,180,9.13,31.63,76.13,4.43,38.00,14,134.00,6.51,4.26,51,1
2023,Christopher Smith,DB,Georgia,SEC,70.63,192,9.63,31.13,75.00,4.62,33.00,15,116.00,7.17,4.53,170,1
2023,Mazi Smith,DT,Michigan,Big Ten,75.00,323,9.75,33.75,80.88,5.16,31.00,34,110.00,7.67,4.91,26,1
2023,Nolan Smith,EDGE,Georgia,SEC,74.25,238,9.00,32.63,81.00,4.39,41.50,23,128.00,7.00,4.45,30,1
2023,Jaxon Smith-Njigba,WR,Ohio St.,Big Ten,73.00,196,9.00,30.50,75.50,4.50,35.00,16,125.00,6.57,3.93,20,1
2023,Sidy Sow,OG,Eastern Michigan,MAC,76.75,323,10.38,33.63,81.00,5.07,32.00,20,110.00,7.62,4.69,117,1
2023,Tyjae Spears,RB,Tulane,AAC,70.00,201,10.00,30.75,74.13,4.45,39.00,20,125.00,6.91,4.39,81,1
2023,Tyler Steen,OT,Alabama,SEC,78.00,321,10.50,32.75,80.50,5.16,29.50,20,109.00,7.60,4.59,65,1
2023,Tyrique Stevenson,CB,Miami,ACC,72.00,198,9.63,32.63,77.63,4.45,38.50,12,125.00,7.09,4.41,56,1
2023,Dante Stills,DT,West Virginia,Big 12,75.50,286,9.63,32.38,78.00,4.85,28.50,20,113.00,7.38,4.61,213,1
2023,Brenton Strange,TE,Penn St.,Big Ten,75.88,253,9.63,31.13,75.13,4.70,36.00,23,124.00,7.25,4.46,61,1
2023,Ricky Stromberg,C,Arkansas,SEC,75.00,306,9.75,33.25,79.63,5.26,32.50,20,111.00,7.52,4.43,97,1
2023,C.J. Stroud,QB,Ohio St.,Big Ten,75.00,214,10.00,32.63,77.38,4.59,34.50,20,119.00,7.09,4.35,2,0
2023,Leonard Taylor,TE,Cincinnati,AAC,77.00,250,10.13,32.75,80.50,4.67,34.50,21,121.00,7.17,4.27,300,0
2023,Noah Taylor,EDGE,North Carolina,ACC,76.00,238,8.63,32.63,78.88,4.61,34.50,22,123.00,7.22,4.45,300,1
2023,Charlie Thomas,LB,Georgia Tech,ACC,75.00,216,8.50,31.50,77.25,4.52,32.50,18,124.00,7.09,4.34,300,1
2023,Tavion Thomas,RB,Utah,Pac-12,72.38,237,9.25,31.13,76.00,4.74,30.00,20,118.00,6.84,4.32,300,1
2023,SaRodorick Thompson,RB,Texas Tech,Big 12,71.50,207,9.00,31.63,77.00,4.67,32.50,20,120.00,7.25,4.70,300,1
2023,Dorian Thompson-Robinson,QB,UCLA,Pac-12,73.63,203,9.88,30.63,74.75,4.56,32.50,20,121.00,7.28,4.44,140,1
2023,Cedric Tillman,WR,Tennessee,SEC,75.38,213,10.00,32.75,79.25,4.54,37.00,19,128.00,6.95,4.29,74,1
2023,Mitchell Tinsley,WR,Penn St.,Big Ten,72.00,199,10.00,32.38,75.63,4.60,35.50,14,120.00,6.93,4.21,300,1
2023,Joe Tippmann,C,Wisconsin,Big Ten,78.00,313,10.75,32.75,80.38,5.28,26.50,20,111.00,8.08,4.61,43,0
2023,Henry To'oTo'o,LB,Alabama,SEC,73.00,227,10.25,32.75,77.38,4.62,32.00,20,116.00,7.44,4.40,167,1
2023,O'Cyrus Torrence,OG,Florida,SEC,77.00,330,11.25,33.88,83.88,5.31,23.50,20,101.00,7.99,4.81,59,1
2023,Cory Trice,CB,Purdue,Big Ten,75.38,206,9.75,32.38,77.00,4.47,35.50,17,132.00,6.60,4.26,241,1
2023,Sean Tucker,RB,Syracuse,ACC,69.00,207,9.50,30.00,73.38,4.49,35.00,20,121.00,7.07,4.54,300,0
2023,Tre Tucker,WR,Cincinnati,AAC,68.63,182,8.63,28.88,70.38,4.40,37.50,14,124.00,6.92,4.29,100,1
2023,Tuli Tuipulotu,EDGE,USC,Pac-12,75.00,266,10.13,32.25,77.88,4.63,32.00,23,118.00,7.16,4.43,54,0
2023,Clayton Tune,QB,Houston,AAC,74.50,220,9.38,31.38,75.63,4.64,37.50,20,122.00,6.89,4.25,139,1
2023,Michael Turk,P,Oklahoma,Big 12,72.25,227,10.13,30.50,75.75,4.83,34.00,20,109.00,7.27,4.44,300,1
2023,DJ Turner,CB,Michigan,Big Ten,71.25,178,9.63,30.75,73.38,4.26,38.50,12,131.00,6.51,4.28,60,1
2023,Carrington Valentine,CB,Kentucky,SEC,72.00,193,9.25,32.25,76.00,4.44,39.00,9,128.00,6.98,4.29,232,1
2023,Deuce Vaughn,RB,Kansas St.,Big 12,65.00,179,9.50,27.75,67.00,4.36,35.50,20,116.00,7.69,5.10,212,1
2023,Travis Vokolek,TE,Nebraska,Big Ten,78.00,259,9.50,32.88,79.13,4.69,32.50,20,115.00,7.42,4.23,300,1
2023,Andrew Vorhees,OG,USC,Pac-12,78.00,310,10.00,32.13,77.75,5.22,29.00,20,105.00,7.90,4.79,229,1
2023,Dalton Wagner,OT,Arkansas,SEC,80.00,320,10.50,34.38,83.25,5.24,24.50,20,102.00,7.61,4.68,300,1
2023,Alex Ward,LS,Central Florida,AAC,76.00,240,9.63,30.38,78.38,5.06,30.00,12,114.00,7.27,4.46,300,1
2023,Jay Ward,CB,LSU,SEC,72.75,188,8.25,32.50,76.88,4.55,34.50,16,132.00,6.51,4.27,134,1
2023,Carter Warren,OT,Pittsburgh,ACC,77.50,311,9.13,35.38,84.50,5.15,30.00,20,108.00,7.60,4.69,120,0
2023,Darnell Washington,TE,Georgia,SEC,78.63,264,11.00,34.38,83.75,4.64,31.00,21,122.00,6.75,4.08,93,1
2023,Parker Washington,WR,Penn St.,Big Ten,70.00,204,10.13,29.00,72.00,4.52,35.50,16,123.00,6.94,4.29,185,1
2023,Jalen Wayne,WR,South Alabama,Sun Belt,73.75,210,9.38,32.13,78.50,4.51,34.50,18,124.00,6.95,4.29,300,1
2023,Tyrus Wheat,EDGE,Mississippi St.,SEC,74.00,263,9.00,32.88,78.50,4.65,28.50,23,113.00,7.12,4.54,300,1
2023,Keion White,EDGE,Georgia Tech,ACC,77.00,285,10.13,34.00,80.00,4.58,34.00,30,117.00,7.40,4.43,46,1
2023,Blake Whiteheart,TE,Wake Forest,ACC,75.75,247,8.75,32.13,79.38,4.70,35.50,20,115.00,7.42,4.30,300,1
2023,Josh Whyle,TE,Cincinnati,AAC,78.50,248,9.50,31.50,77.38,4.69,33.50,21,115.00,7.42,4.29,147,1
2023,Dontayvion Wicks,WR,Virginia,ACC,73.38,206,10.00,32.38,79.88,4.62,39.00,18,130.00,6.95,4.29,159,1
2023,Dorian Williams,LB,Tulane,AAC,73.00,228,10.25,33.75,80.75,4.49,33.50,21,120.00,7.44,4.40,91,1
2023,Garrett Williams,CB,Syracuse,ACC,70.00,192,9.25,31.00,74.50,4.46,36.50,13,127.00,6.76,4.29,72,0
2023,Brayden Willis,TE,Oklahoma,Big 12,75.50,241,9.75,33.25,79.13,4.68,32.00,20,117.00,7.30,4.36,247,1
2023,Michael Wilson,WR,Stanford,Pac-12,73.88,213,9.75,31.00,75.13,4.58,37.50,23,125.00,6.95,4.27,94,1
2023,Tyree Wilson,EDGE,Texas Tech,Big 12,78.00,271,9.63,35.38,84.50,4.63,31.50,23,116.00,7.36,4.43,7,1
2023,Dee Winters,LB,TCU,Big 12,71.00,227,8.63,31.63,75.00,4.49,30.50,20,117.00,7.44,4.42,216,1
2023,Devon Witherspoon,CB,Illinois,Big Ten,71.50,181,8.88,31.25,73.63,4.43,37.00,13,129.00,6.51,4.29,5,0
2023,Colby Wooden,DE,Auburn,SEC,76.00,273,10.38,33.75,80.38,4.79,31.50,23,115.00,7.50,4.52,116,1
2023,Darnell Wright,OT,Tennessee,SEC,77.00,333,9.00,33.75,82.00,5.01,29.00,20,114.00,7.60,4.65,10,1
2023,Rejzohn Wright,CB,Oregon St.,Pac-12,74.00,193,9.63,32.50,76.88,4.46,36.50,14,127.00,6.51,4.29,300,0
2023,Luke Wypler,C,Ohio St.,Big Ten,75.00,303,9.63,31.63,77.13,5.14,30.50,20,106.00,7.64,4.53,190,1
2023,Bryce Young,QB,Alabama,SEC,70.13,204,9.75,30.13,73.50,4.60,33.50,20,118.00,7.07,4.34,1,0
2023,Byron Young,DT,Alabama,SEC,74.38,250,9.25,32.50,79.13,5.00,26.00,24,108.00,7.68,4.90,70,1
2023,Byron Young,EDGE,Tennessee,SEC,74.38,250,9.25,32.50,79.13,4.43,38.00,22,132.00,7.19,4.45,77,1
2023,Cameron Young,DT,Mississippi St.,SEC,75.00,304,10.00,34.50,82.00,5.10,29.50,24,109.00,7.60,4.79,123,1
2024,Kris Abrams-Draine,CB,Missouri,SEC,71.38,179,8.63,31.00,74.63,4.44,33.50,15,123.00,6.94,4.58,145,1
2024,Isaiah Adams,G,Illinois,Big Ten,76.25,315,9.00,33.88,81.88,5.22,24.50,26,102.00,7.77,4.73,71,1
2024,Rasheen Ali,RB,Marshall,Sun Belt,71.25,206,8.63,31.25,74.75,4.51,35.00,22,122.00,6.82,4.23,165,0
2024,Erick All,TE,Iowa,Big Ten,76.38,252,10.13,33.00,79.00,4.65,35.00,28,121.00,7.07,4.31,115,0
2024,Braelon Allen,RB,Wisconsin,Big Ten,73.25,235,9.25,31.25,76.25,4.60,32.00,26,117.00,7.29,4.28,134,1
2024,Joe Alt,OT,Notre Dame,FBS Independent,80.63,321,10.00,34.25,82.75,5.05,28.00,27,112.00,7.31,4.51,5,1
2024,Kiran Amegadjie,OT,Yale,Ivy League,77.38,323,9.63,36.13,85.50,5.17,29.50,29,109.00,7.93,4.64,75,0
2024,Daijahn Anthony,SAF,Mississippi,SEC,72.00,195,9.00,32.50,76.38,4.55,37.00,12,116.00,7.06,5.19,224,1
2024,Terrion Arnold,CB,Alabama,SEC,71.75,189,8.88,31.63,76.25,4.50,37.00,15,129.00,6.94,4.23,24,1
2024,Gottlieb Ayedze,G,Maryland,Big Ten,76.13,308,9.88,33.00,80.63,5.01,26.50,28,112.00,7.64,4.61,300,1
2024,Emani Bailey,RB,TCU,Big 12,67.38,202,9.75,29.88,70.75,4.61,33.50,22,116.00,6.87,4.23,300,1
2024,Javon Baker,WR,Central Florida,Big 12,73.25,202,9.63,32.25,78.25,4.54,37.00,14,121.00,6.87,4.14,110,1
2024,AJ Barner,TE,Michigan,Big Ten,78.00,251,9.00,33.38,81.88,4.65,35.00,28,119.00,7.07,4.32,121,0
2024,Karsen Barnhart,G,Michigan,Big Ten,76.50,306,9.88,33.38,81.25,5.21,29.50,27,111.00,7.83,4.70,300,1
2024,Michael Barrett,LB,Michigan,Big Ten,71.38,233,8.50,32.13,78.00,4.62,34.50,18,119.00,7.26,4.63,240,0
2024,Graham Barton,C,Duke,ACC,77.38,313,9.38,32.88,79.75,5.20,31.00,27,105.00,7.41,4.24,26,0
2024,Cooper Beebe,G,Kansas St.,Big 12,75.25,322,9.25,31.50,78.13,5.03,27.50,31,109.00,7.44,4.61,73,1
2024,Jaheim Bell,TE,Florida St.,ACC,74.00,241,10.00,33.00,78.75,4.61,35.00,28,124.00,7.01,4.34,231,1
2024,Trey Benson,RB,Florida St.,ACC,72.25,216,9.25,31.50,76.38,4.39,33.50,22,122.00,6.98,4.25,66,1
2024,JD Bertrand,LB,Notre Dame,FBS Independent,72.88,235,9.75,30.63,74.88,4.62,34.50,20,118.00,7.31,4.35,143,1
2024,Tatum Bethune,LB,Florida St.,ACC,71.50,229,10.00,32.38,78.25,4.62,34.00,16,119.00,7.18,4.92,251,1
2024,Keaton Bills,G,Utah,Pac-12,76.50,321,10.00,32.50,79.50,5.38,29.50,27,101.00,7.95,4.90,300,1
2024,Cole Bishop,SAF,Utah,Pac-12,74.00,206,9.50,29.75,73.00,4.45,39.00,15,124.00,6.93,4.59,60,1
2024,Austin Booker,EDGE,Kansas,Big 12,76.50,240,9.25,33.88,81.38,4.79,32.50,23,120.00,7.55,4.93,144,1
2024,Tanor Bortolini,C,Wisconsin,Big Ten,76.25,303,10.00,31.50,77.63,4.94,32.50,28,112.00,7.16,4.28,117,1
2024,Brock Bowers,TE,Georgia,SEC,75.13,243,9.75,32.75,78.25,4.64,35.00,28,122.00,7.03,4.34,13,0
2024,Beau Brade,SAF,Maryland,Big Ten,72.00,203,10.13,31.00,77.00,4.53,36.50,16,123.00,6.97,4.79,300,0
2024,Millard Bradford,SAF,TCU,Big 12,70.50,191,9.00,31.25,72.50,4.42,38.50,15,124.00,7.10,5.37,300,1
2024,Chris Braswell,EDGE,Alabama,SEC,75.38,251,9.38,33.25,81.38,4.60,33.50,23,115.00,7.33,4.81,57,1
2024,Jonathon Brooks,RB,Texas,Big 12,72.38,216,9.25,31.50,75.88,4.53,36.00,22,123.00,6.95,4.25,46,0
2024,Jarvis Brownlee,CB,Louisville,ACC,70.38,194,9.00,31.25,75.25,4.49,38.00,15,126.00,6.94,3.94,146,0
2024,Javon Bullard,SAF,Georgia,SEC,70.50,198,9.00,30.75,73.88,4.47,37.00,17,123.00,7.03,5.04,58,1
2024,Calen Bullock,SAF,USC,Pac-12,74.00,188,9.00,32.50,78.13,4.48,38.00,10,125.00,7.13,5.51,78,1
2024,Jermaine Burton,WR,Alabama,SEC,72.25,196,9.88,31.00,74.88,4.45,38.50,17,133.00,6.86,4.15,80,1
2024,Solomon Byrd,EDGE,USC,Pac-12,74.88,255,9.75,33.63,79.88,4.65,34.50,23,121.00,7.26,4.47,238,0
2024,Jaylon Carlies,SAF,Missouri,SEC,74.75,227,10.00,34.25,80.63,4.50,32.50,20,125.00,6.73,3.66,151,1
2024,Caelen Carson,CB,Wake Forest,ACC,71.88,199,8.25,31.38,75.63,4.51,38.50,15,126.00,6.94,4.00,174,0
2024,DeWayne Carter,DT,Duke,ACC,74.38,302,10.25,33.00,79.13,4.99,32.00,27,109.00,7.95,4.75,95,1
2024,Aaron Casey,LB,Indiana,Big Ten,72.88,231,9.38,32.75,77.88,4.75,30.00,16,117.00,7.24,4.55,300,1
2024,Nelson Ceaser,EDGE,Houston,Big 12,74.75,254,10.25,33.63,79.63,4.67,31.00,22,121.00,7.30,4.57,300,1
2024,Steele Chambers,LB,Ohio St.,Big Ten,72.75,226,9.25,30.50,73.63,4.64,33.50,18,112.00,7.13,4.23,300,1
2024,Javion Cohen,G,Miami,ACC,76.38,324,9.88,34.00,80.50,5.30,26.50,28,104.00,7.85,4.80,300,1
2024,Jalen Coker,WR,Holy Cross,Patriot League,73.38,208,9.88,32.88,76.75,4.57,42.50,19,128.00,6.84,4.10,300,1
2024,Andrew Coker,OT,TCU,Big 12,78.88,315,9.50,34.00,81.00,5.36,25.50,21,94.00,7.95,4.93,300,1
2024,Myles Cole,DE,Texas Tech,Big 12,78.00,278,9.88,36.88,86.25,4.67,35.00,21,120.00,7.56,4.75,236,1
2024,Brandon Coleman,G,TCU,Big 12,76.50,313,10.75,34.63,84.00,4.99,34.00,30,114.00,7.58,4.54,67,1
2024,Keon Coleman,WR,Florida St.,ACC,75.25,213,9.38,32.13,78.13,4.61,38.00,15,127.00,6.84,4.10,33,1
2024,Junior Colson,LB,Michigan,Big Ten,74.25,238,9.38,32.50,77.50,4.62,34.50,18,119.00,7.40,4.38,69,0
2024,Ryan Cooper,CB,Oregon St.,Pac-12,71.25,184,8.75,30.50,71.63,4.44,37.00,15,126.00,6.94,4.36,300,0
2024,Edgerrin Cooper,LB,Texas A&M,SEC,74.13,230,9.75,34.00,80.25,4.51,34.50,18,118.00,7.21,4.52,45,1
2024,Malachi Corley,WR,Western Kentucky,Conference USA,71.00,215,9.13,32.13,72.50,4.48,38.50,16,126.00,6.84,4.09,65,0
2024,Blake Corum,RB,Michigan,Big Ten,67.75,205,9.00,28.88,70.13,4.53,35.50,27,119.00,6.82,4.12,83,1
2024,Jacob Cowing,WR,Arizona,Pac-12,68.38,168,9.00,29.25,69.13,4.38,36.00,13,119.00,7.02,4.32,135,1
2024,Frank Crum,OT,Wyoming,Mountain West,80.25,313,10.50,33.88,82.00,4.94,31.50,27,114.00,7.39,4.73,300,1
2024,Jaden Crumedy,DT,Mississippi St.,SEC,75.88,301,9.50,33.00,77.50,4.97,29.50,27,105.00,7.32,4.66,200,1
2024,Devin Culp,TE,Washington,Pac-12,75.13,231,9.25,32.88,78.50,4.47,35.00,28,121.00,6.99,4.39,246,1
2024,Jayden Daniels,QB,LSU,SEC,75.25,210,9.38,32.50,78.50,4.75,32.00,17,109.00,7.47,4.34,2,0
2024,Anim Dankwah,OT,Howard,MEAC,79.75,353,9.75,35.13,85.50,5.35,27.50,31,105.00,7.50,4.41,300,1
2024,Isaiah Davis,RB,South Dakota St.,MVFC,72.25,218,10.25,31.13,74.88,4.57,34.50,23,119.00,7.02,4.25,173,1
2024,Re'Mahn Davis,RB,Kentucky,SEC,68.38,211,8.88,30.25,74.00,4.52,35.00,22,119.00,6.96,4.51,128,1
2024,Tyler Davis,DT,Clemson,ACC,74.00,301,9.25,31.38,75.00,5.02,28.50,29,108.00,7.93,5.00,196,1
2024,Cooper DeJean,CB,Iowa,Big Ten,72.50,203,9.63,31.13,74.88,4.53,38.50,15,126.00,6.94,3.98,40,0
2024,Kalen DeLoach,LB,Florida St.,ACC,71.50,210,8.63,31.50,74.88,4.47,30.50,18,119.00,6.68,5.14,300,1
2024,Marlon Devonshire,CB,Pittsburgh,ACC,70.75,186,8.75,32.88,78.25,4.45,38.50,15,124.00,7.12,4.35,229,1
2024,Marcellas Dial,CB,South Carolina,SEC,71.75,190,8.88,32.00,77.63,4.46,40.50,15,129.00,6.94,4.19,180,1
2024,John Dixon,CB,Penn St.,Big Ten,70.75,188,8.63,29.50,72.00,4.46,37.50,15,126.00,6.94,4.17,300,0
2024,Brandon Dorlus,DE,Oregon,Pac-12,75.00,283,9.38,33.25,80.88,4.85,30.50,21,111.00,7.43,4.85,109,1
2024,Willie Drew,CB,Virginia St.,CIAA,71.63,191,9.50,32.00,75.63,4.46,38.00,13,126.00,6.94,4.12,300,1
2024,Ethan Driskell,OT,Marshall,Sun Belt,80.38,313,10.50,35.38,83.50,5.08,31.00,26,110.00,7.43,4.72,300,0
2024,Khalid Duke,EDGE,Kansas St.,Big 12,75.25,246,9.25,32.63,78.38,4.79,34.00,21,117.00,7.42,4.81,300,1
2024,Justin Eboigbe,DT,Alabama,SEC,76.38,297,9.75,33.38,80.75,5.18,28.00,27,109.00,7.50,4.75,105,1
2024,Sevarian Edwards,RB,Georgia,SEC,69.63,207,9.50,29.75,73.00,4.56,32.50,22,114.00,6.95,4.24,300,1
2024,Kingsley Eguakun,C,Florida,SEC,75.50,304,10.13,32.50,80.25,5.15,31.50,27,108.00,7.41,4.34,300,0
2024,Tommy Eichenberg,LB,Ohio St.,Big Ten,74.38,233,9.25,31.63,77.13,4.63,32.50,18,116.00,7.29,4.24,148,1
2024,Jonah Elliss,EDGE,Utah,Pac-12,74.13,248,10.50,33.00,79.25,4.66,35.00,23,122.00,7.39,4.61,76,0
2024,Audric Estime,RB,Notre Dame,FBS Independent,71.38,221,10.25,32.38,76.50,4.71,38.00,23,125.00,7.00,4.25,147,1
2024,Josiah Ezirim,OT,Eastern Kentucky,UAC,77.75,329,10.75,35.75,85.13,5.21,29.00,29,108.00,7.86,4.59,239,0
2024,Olumuyiwa Fashanu,OT,Penn St.,Big Ten,78.00,312,8.50,34.00,82.63,5.11,32.00,27,109.00,7.85,4.76,11,1
2024,Troy Fautanu,OT,Washington,Pac-12,75.75,317,9.50,34.50,81.50,5.01,32.50,31,113.00,8.14,4.67,20,1
2024,Blake Fisher,OT,Notre Dame,FBS Independent,77.75,310,10.00,34.38,83.00,5.20,28.00,28,114.00,7.76,4.73,59,1
2024,Braden Fiske,DT,Florida St.,ACC,75.63,292,9.38,31.00,76.75,4.78,33.50,26,117.00,8.12,4.37,39,1
2024,Jeremy Flax,OT,Kentucky,SEC,77.50,343,9.00,33.13,81.88,5.64,28.00,30,100.00,7.98,4.57,300,1
2024,Ryan Flournoy,WR,Southeast Missouri St.,OVC-Big South,72.75,202,10.13,31.63,76.13,4.44,39.50,19,132.00,6.85,4.12,216,1
2024,Jaylan Ford,LB,Texas,Big 12,74.38,240,9.50,31.75,74.38,4.62,33.50,18,121.00,7.44,4.44,175,1
2024,Javon Foster,OT,Missouri,SEC,77.50,313,9.63,34.63,83.38,5.30,32.50,26,106.00,7.97,4.80,114,1
2024,Troy Franklin,WR,Oregon,Pac-12,73.88,176,8.75,31.88,77.25,4.41,39.00,13,124.00,6.90,4.31,102,1
2024,Zach Frazier,C,West Virginia,Big 12,74.63,313,10.88,32.25,78.50,5.20,31.00,29,105.00,7.41,3.69,51,0
2024,Taliese Fuaga,OT,Oregon St.,Pac-12,77.75,324,10.13,33.13,80.63,5.13,32.00,30,111.00,7.81,4.63,14,1
2024,X'Zauvea Gadlin,G,Liberty,Conference USA,75.25,322,10.25,33.25,81.13,5.50,24.00,26,96.00,8.26,4.97,300,1
2024,Nicholas Gargiulo,C,South Carolina,SEC,77.38,318,10.38,33.88,82.25,5.25,32.50,26,101.00,7.33,3.97,256,1
2024,Easton Gibbs,LB,Wyoming,Mountain West,72.38,232,9.25,30.38,72.50,4.73,31.50,18,109.00,7.28,3.83,300,1
2024,Delmar Glaze,OT,Maryland,Big Ten,76.13,315,10.25,34.88,82.75,5.21,25.50,27,104.00,8.26,4.74,77,1
2024,Matthew Goncalves,OT,Pittsburgh,ACC,78.25,327,9.00,33.25,81.25,5.19,29.00,29,108.00,7.78,4.61,79,0
2024,Franklin Gore,RB,Southern Mississippi,Sun Belt,67.63,201,8.25,29.63,72.00,4.51,35.00,12,121.00,6.89,4.23,300,1
2024,Anthony Gould,WR,Oregon St.,Pac-12,68.38,174,8.88,29.63,69.88,4.39,39.50,18,129.00,6.90,4.16,142,1
2024,Tylan Grable,OT,Central Florida,Big 12,77.75,306,10.13,33.63,80.63,4.95,36.50,29,117.00,7.76,4.75,204,1
2024,Cedric Gray,LB,North Carolina,ACC,73.50,234,9.00,32.50,78.38,4.64,35.50,17,120.00,7.31,4.71,106,1
2024,Renardo Green,CB,Florida St.,ACC,71.88,186,9.13,31.25,74.75,4.49,37.50,15,130.00,6.95,4.31,64,1
2024,Garret Greenfield,OT,South Dakota St.,MVFC,77.75,305,9.75,33.50,83.13,5.22,38.50,28,113.00,7.76,4.85,300,1
2024,Lideatrick Griffin,WR,Mississippi St.,SEC,70.00,181,9.13,30.63,72.75,4.43,35.50,14,124.00,7.00,4.35,300,1
2024,Isaac Guerendo,RB,Louisville,ACC,72.00,221,9.25,30.75,74.88,4.33,41.50,22,129.00,6.94,4.15,129,1
2024,Tyler Guyton,OT,Oklahoma,Big 12,79.75,322,10.25,34.13,82.25,5.19,34.50,27,107.00,7.50,4.71,29,1
2024,Kamal Hadden,CB,Tennessee,SEC,73.00,196,8.50,30.88,74.13,4.49,38.00,15,126.00,6.94,4.25,211,0
2024,Gabriel Hall,DT,Baylor,Big 12,78.00,291,9.50,34.50,84.25,5.03,31.50,27,115.00,7.65,4.67,300,1
2024,Dominique Hampton,SAF,Washington,Pac-12,74.38,215,10.00,33.25,79.88,4.51,39.00,16,122.00,6.83,4.14,161,1
2024,C.J. Hanson,G,Holy Cross,Patriot League,77.00,300,9.38,32.38,78.38,5.00,33.50,27,115.00,7.55,4.45,248,1
2024,Myles Harden,CB,South Dakota,MVFC,70.88,195,9.38,29.88,74.00,4.50,35.50,13,118.00,6.88,3.98,227,1
2024,Daequan Hardy,CB,Penn St.,Big Ten,69.38,179,8.13,30.00,70.88,4.38,42.50,15,126.00,6.95,4.19,219,1
2024,Jaylen Harrell,EDGE,Michigan,Big Ten,75.75,250,9.75,33.25,81.13,4.68,37.00,23,118.00,7.33,4.64,252,1
2024,Marcus Harris,DT,Auburn,SEC,74.38,286,9.63,32.00,78.25,5.06,29.50,27,103.00,6.81,4.60,247,1
2024,Marvin Harrison,WR,Ohio St.,Big Ten,75.25,209,9.50,31.88,77.25,4.46,38.00,15,127.00,6.85,4.11,4,0
2024,Cam Hart,CB,Notre Dame,FBS Independent,75.00,202,9.38,33.00,78.88,4.50,39.50,11,130.00,7.12,4.24,140,1
2024,Sam Hartman,QB,Notre Dame,FBS Independent,73.13,211,9.75,31.38,75.25,4.80,28.50,12,109.00,7.19,4.34,300,1
2024,Christian Haynes,G,Connecticut,FBS Independent,74.75,317,9.00,33.50,79.75,5.03,33.00,28,102.00,7.90,4.71,81,1
2024,LaDarius Henderson,G,Michigan,Big Ten,76.13,309,10.63,35.00,84.75,5.15,29.50,28,109.00,7.70,4.61,249,0
2024,Jaden Hicks,SAF,Washington St.,Pac-12,73.88,211,9.38,31.50,76.25,4.55,37.50,16,122.00,6.88,4.37,133,1
2024,George Holani,RB,Boise St.,Mountain West,70.38,208,9.75,29.75,72.38,4.52,39.00,24,127.00,6.77,4.33,300,1
2024,Dallin Holker,TE,Colorado St.,Mountain West,75.38,241,10.25,33.63,78.13,4.78,32.50,28,122.00,6.83,4.21,300,1
2024,Ty'Ron Hopper,LB,Missouri,SEC,73.75,231,8.88,31.38,77.75,4.62,34.00,18,118.00,7.23,4.50,91,0
2024,Jalyx Hunt,EDGE,Houston Christian University,Southland,75.75,252,10.00,34.38,82.75,4.64,37.50,19,128.00,7.31,4.15,94,1
2024,Jontrey Hunter,LB,Georgia St.,Sun Belt,73.88,236,9.00,31.75,76.88,4.66,32.00,18,111.00,7.38,3.81,300,1
2024,Byron Murphy II,DT,Texas,Big 12,72.50,297,10.25,32.38,77.13,4.87,33.00,28,111.00,8.26,4.66,16,1
2024,Bucky Irving,RB,Oregon,Pac-12,69.00,192,9.50,29.50,70.63,4.55,29.50,22,115.00,6.73,4.22,125,1
2024,Adisa Isaac,EDGE,Penn St.,Big Ten,76.38,247,9.63,33.88,81.00,4.74,34.50,23,123.00,7.42,4.60,93,1
2024,Brennan Jackson,EDGE,Washington St.,Pac-12,75.88,264,9.75,32.75,78.75,4.69,33.50,21,114.00,7.07,4.48,154,1
2024,Jha'Quan Jackson,WR,Tulane,AAC,69.13,188,8.88,30.88,74.88,4.42,32.00,12,118.00,6.90,4.20,182,1
2024,Khyree Jackson,CB,Oregon,Pac-12,75.75,194,9.25,32.75,78.00,4.50,36.50,15,133.00,6.94,4.63,108,1
2024,McKinnley Jackson,DT,Texas A&M,SEC,73.50,326,10.00,33.88,80.25,5.26,23.00,27,106.00,8.48,5.19,97,1
2024,Curtis Jacobs,LB,Penn St.,Big Ten,73.38,241,10.25,31.50,77.75,4.58,35.00,18,124.00,7.45,4.74,300,1
2024,DJ James,CB,Auburn,SEC,71.63,175,8.38,31.00,72.38,4.42,36.00,15,126.00,6.95,4.67,192,1
2024,Javontae Jean-Baptiste,EDGE,Notre Dame,FBS Independent,76.63,239,10.00,33.75,80.50,4.66,34.50,23,127.00,7.58,4.66,222,1
2024,Trajan Jeffcoat,EDGE,Arkansas,SEC,75.88,266,10.13,32.75,79.50,4.69,31.50,21,120.00,7.07,4.27,300,1
2024,Jordan Jefferson,DT,LSU,SEC,74.75,313,9.88,33.13,79.25,5.00,31.00,34,104.00,8.21,5.13,116,1
2024,Kris Jenkins,DT,Michigan,Big Ten,74.75,299,9.38,34.00,79.13,4.91,30.00,29,115.00,8.43,4.78,49,1
2024,Theodore Johnson,TE,Penn St.,Big Ten,72.13,259,10.25,33.00,82.25,4.57,39.50,28,125.00,7.15,4.19,107,1
2024,Carlton Johnson,CB,Fresno St.,Mountain West,70.63,173,8.00,30.38,73.13,4.39,36.00,15,125.00,6.95,4.59,300,0
2024,Cedric Johnson,EDGE,Mississippi,SEC,75.00,260,9.88,33.50,79.38,4.63,38.00,25,122.00,7.15,4.27,214,1
2024,Cornelius Johnson,WR,Michigan,Big Ten,74.75,212,8.63,31.88,77.25,4.44,37.50,15,127.00,6.85,4.10,253,1
2024,Dillon Johnson,RB,Washington,Pac-12,71.63,217,9.38,30.00,72.63,4.68,31.50,22,117.00,7.06,4.25,300,1
2024,Isaiah Johnson,CB,Syracuse,ACC,75.00,205,8.88,32.88,80.50,4.64,38.50,15,129.00,6.94,4.21,300,1
2024,Christian Jones,OT,Texas,Big 12,77.25,305,10.63,34.50,83.63,5.04,32.00,30,112.00,8.09,4.78,162,1
2024,Elijah Jones,CB,Boston Col.,ACC,73.50,185,9.25,31.50,76.00,4.44,42.50,15,131.00,6.95,4.54,90,1
2024,Jarrian Jones,CB,Florida St.,ACC,71.88,190,8.63,30.00,73.25,4.38,39.50,15,129.00,6.94,4.24,96,1
2024,Matthew Jones,G,Ohio St.,Big Ten,75.50,316,9.00,32.63,80.50,5.21,28.00,27,103.00,8.19,4.74,300,1
2024,Trente Jones,G,Michigan,Big Ten,75.88,305,10.13,33.00,80.00,5.17,27.00,27,109.00,7.78,4.87,300,1
2024,Jawhar Jordan,RB,Louisville,ACC,69.50,193,8.50,30.13,71.00,4.56,34.50,22,121.00,6.65,4.22,205,1
2024,Michael Hall Jr.,DT,Ohio St.,Big Ten,74.75,290,10.00,33.50,81.13,4.97,31.00,27,111.00,7.65,4.61,54,0
2024,Michael Penix Jr.,QB,Washington,Pac-12,74.25,216,10.50,33.63,81.00,4.79,32.50,17,112.00,7.04,4.26,8,0
2024,Ennis Rakestraw Jr.,CB,Missouri,SEC,71.38,183,8.50,32.00,75.63,4.51,35.00,15,120.00,6.94,4.47,61,1
2024,Tyrone Tracy Jr.,RB,Purdue,Big Ten,71.13,209,9.13,31.75,76.63,4.48,40.00,22,124.00,6.81,4.06,166,1
2024,Jeremiah Trotter Jr.,LB,Clemson,ACC,72.00,228,9.25,31.50,74.75,4.62,33.50,21,117.00,7.13,4.40,155,1
2024,Mohamed Kamara,EDGE,Colorado St.,Mountain West,73.38,248,8.63,32.38,78.50,4.57,34.50,23,123.00,7.40,4.57,158,1
2024,Joshua Karty,K,Stanford,Pac-12,73.88,207,9.13,31.50,76.38,4.50,37.00,17,124.00,6.93,4.22,209,0
2024,Trevor Keegan,G,Michigan,Big Ten,77.38,310,10.00,32.38,78.38,5.24,30.50,26,107.00,7.76,4.63,172,1
2024,Jaylen Key,SAF,Alabama,SEC,72.75,208,9.63,32.25,78.50,4.60,36.50,19,130.00,6.92,4.54,257,1
2024,Kamren Kinchens,SAF,Miami,ACC,71.25,203,9.75,31.25,75.00,4.65,35.00,13,110.00,6.98,4.83,99,1
2024,Kalen King,CB,Penn St.,Big Ten,71.25,191,8.75,30.88,74.25,4.61,37.00,15,122.00,6.94,4.16,255,1
2024,Jarrett Kingston,G,USC,Pac-12,76.25,306,9.75,32.13,78.13,5.02,31.50,28,111.00,7.53,4.47,215,1
2024,Marshawn Kneeland,EDGE,Western Michigan,MAC,75.00,267,9.13,34.50,83.38,4.75,35.50,21,119.00,7.02,4.18,56,1
2024,Tyrice Knight,LB,Texas-El Paso,Conference USA,72.50,233,9.25,32.50,80.38,4.63,34.50,21,119.00,7.25,4.40,118,1
2024,Trey Knox,TE,South Carolina,SEC,75.00,240,9.38,34.25,78.75,4.64,32.50,28,121.00,7.09,4.54,300,1
2024,Kamari Lassiter,CB,Georgia,SEC,71.50,186,8.88,30.88,73.75,4.52,37.00,15,126.00,6.62,4.12,42,1
2024,Brady Latham,G,Arkansas,SEC,77.25,304,9.50,32.75,77.88,5.31,29.00,26,110.00,7.57,4.47,300,1
2024,JC Latham,OT,Alabama,SEC,77.75,342,11.00,35.13,84.38,5.29,27.50,31,106.00,7.85,4.49,7,0
2024,Laiatu Latu,EDGE,UCLA,Pac-12,76.75,259,9.63,32.63,78.25,4.64,32.00,23,116.00,7.19,4.61,15,1
2024,Dylan Laube,RB,New Hampshire,CAA,69.88,206,9.25,29.38,71.13,4.54,37.00,23,118.00,6.84,4.02,208,1
2024,Sataoa Laumea,G,Utah,Pac-12,76.25,319,9.88,32.88,80.75,5.28,26.00,27,104.00,7.85,4.77,179,1
2024,Devin Leary,QB,Kentucky,SEC,73.25,215,9.50,30.88,74.38,4.78,32.00,18,112.00,7.07,4.29,218,0
2024,Matt Lee,C,Miami,ACC,75.63,301,9.25,32.13,78.63,5.03,31.00,27,111.00,7.41,4.46,237,1
2024,Logan Lee,DT,Iowa,Big Ten,77.38,281,10.25,32.25,78.88,5.05,31.50,25,114.00,7.16,4.37,178,1
2024,Xavier Legette,WR,South Carolina,SEC,73.00,221,9.00,31.88,77.50,4.39,40.00,18,126.00,6.83,4.07,32,1
2024,Kaitori Leveston,G,Kansas St.,Big 12,75.88,326,9.88,34.38,82.75,5.38,27.50,30,108.00,7.75,4.89,254,1
2024,Beaux Limmer,C,Arkansas,SEC,76.63,302,9.50,31.88,77.88,5.22,36.50,27,110.00,7.47,4.57,217,1
2024,Cam Little,K,Arkansas,SEC,73.00,172,9.25,30.50,73.63,4.29,39.00,13,130.00,6.69,4.06,212,0
2024,Marist Liufau,LB,Notre Dame,FBS Independent,74.13,234,9.88,34.25,79.38,4.64,34.00,18,118.00,7.31,4.44,87,1
2024,MarShawn Lloyd,RB,USC,Pac-12,68.75,220,8.75,30.38,73.63,4.46,36.00,25,118.00,7.07,4.25,88,1
2024,Zion Logue,DT,Georgia,SEC,77.63,314,10.00,33.50,80.25,5.14,29.00,27,109.00,7.89,4.92,197,1
2024,Jordan Magee,LB,Temple,AAC,73.38,228,8.75,32.00,76.00,4.55,35.50,18,124.00,7.13,5.06,139,1
2024,Christian Mahogany,G,Boston Col.,ACC,75.38,314,10.50,33.50,81.63,5.13,32.50,29,109.00,7.81,4.53,210,1
2024,Drake Maye,QB,North Carolina,ACC,76.38,223,9.13,32.25,76.13,4.83,32.50,17,116.00,6.61,4.17,3,0
2024,Luke McCaffrey,WR,Rice,AAC,73.63,198,9.63,30.13,74.50,4.46,36.00,13,121.00,6.70,4.02,100,1
2024,J.J. McCarthy,QB,Michigan,Big Ten,74.50,219,9.00,31.63,75.88,4.81,32.50,17,114.00,6.82,4.23,10,1
2024,Jase McClellan,RB,Alabama,SEC,70.38,221,10.25,31.13,75.50,4.54,36.00,20,121.00,7.09,4.25,186,1
2024,Ladd McConkey,WR,Georgia,SEC,71.63,186,8.63,30.25,72.00,4.39,36.00,13,124.00,6.89,4.19,34,1
2024,Mason McCormick,G,South Dakota St.,MVFC,76.25,309,10.00,33.88,81.63,5.08,35.50,31,117.00,7.59,4.45,119,1
2024,Dwight McGlothern,CB,Arkansas,SEC,73.63,185,8.63,30.50,74.88,4.47,32.00,15,115.00,6.94,4.86,300,1
2024,Braiden McGregor,EDGE,Michigan,Big Ten,77.25,257,10.00,33.13,80.25,4.66,34.50,23,121.00,7.22,4.43,300,0
2024,Kool-Aid McKinstry,CB,Alabama,SEC,71.50,199,8.50,32.00,75.88,4.51,38.50,15,126.00,6.94,3.95,41,0
2024,Tanner McLachlan,TE,Arizona,Pac-12,77.13,244,9.38,31.63,77.25,4.61,35.00,28,117.00,7.06,4.35,194,1
2024,Dylan McMahon,C,North Carolina St.,ACC,75.38,299,9.38,31.75,75.13,5.10,33.00,29,115.00,7.26,4.33,190,1
2024,Jalen McMillan,WR,Washington,Pac-12,73.00,197,10.00,31.13,77.38,4.47,37.00,15,127.00,6.94,4.18,92,1
2024,Patrick McMorris,SAF,California,Pac-12,72.13,207,9.75,31.88,77.13,4.56,31.00,14,112.00,6.95,4.70,198,1
2024,Bub Means,WR,Pittsburgh,ACC,73.00,212,10.13,33.25,79.38,4.43,39.50,19,122.00,6.85,4.10,170,1
2024,Max Melton,CB,Rutgers,Big Ten,71.00,187,9.13,32.13,76.63,4.39,40.50,15,136.00,6.95,4.08,43,1
2024,Harrison Mevis,K,Missouri,SEC,71.88,241,8.88,30.75,74.38,4.75,33.50,21,116.00,7.29,4.42,300,0
2024,Joe Milton,QB,Tennessee,SEC,77.13,235,10.25,33.38,80.00,5.06,35.00,18,121.00,5.72,4.06,193,1
2024,Kendall Milton,RB,Georgia,SEC,73.50,225,9.63,31.75,77.50,4.62,35.50,18,124.00,7.11,4.38,300,1
2024,Amarius Mims,OT,Georgia,SEC,79.75,340,11.25,36.13,86.75,5.07,25.50,30,111.00,7.46,4.41,18,1
2024,Adonai Mitchell,WR,Texas,Big 12,73.25,205,9.00,32.38,77.63,4.34,39.50,19,136.00,6.84,4.11,52,1
2024,Quinyon Mitchell,CB,Toledo,MAC,72.13,195,9.25,31.00,75.75,4.33,38.00,20,122.00,6.94,4.51,22,1
2024,Jacob Monk,C,Duke,ACC,75.00,308,10.00,32.38,79.00,5.09,29.50,28,108.00,7.41,4.01,163,1
2024,Jordan Morgan,OT,Arizona,Pac-12,77.00,311,10.88,32.88,81.38,5.04,28.00,27,110.00,8.02,4.72,25,1
2024,Darius Muasau,LB,UCLA,Pac-12,71.88,225,9.50,31.50,74.75,4.70,36.50,18,117.00,7.09,4.72,183,1
2024,Gabriel Murphy,EDGE,UCLA,Pac-12,74.38,247,9.25,30.50,75.00,4.68,39.50,25,123.00,7.39,4.52,300,1
2024,Myles Murphy,DT,North Carolina,ACC,76.13,309,9.75,33.88,79.00,5.20,28.50,27,106.00,7.64,4.81,300,1
2024,Malik Mustapha,SAF,Wake Forest,ACC,70.13,209,9.00,30.13,72.50,4.53,37.50,22,128.00,6.90,4.48,124,1
2024,Malik Nabers,WR,LSU,SEC,71.75,200,9.88,31.38,76.50,4.45,38.00,15,126.00,6.86,4.14,6,0
2024,Jer'Zhan Newton,DT,Illinois,Big Ten,73.63,304,9.50,32.38,75.88,5.01,29.50,27,108.00,8.01,4.79,36,0
2024,Josh Newton,CB,TCU,Big 12,70.63,190,9.25,31.13,74.25,4.51,34.00,15,124.00,6.94,4.15,149,1
2024,Bo Nix,QB,Oregon,Pac-12,74.13,214,10.13,30.88,74.25,4.77,32.00,17,111.00,7.20,4.29,12,0
2024,Maema Njongmeta,LB,Wisconsin,Big Ten,71.75,229,9.38,32.88,78.25,4.91,34.00,18,118.00,7.17,4.66,300,1
2024,Hunter Nourzad,C,Penn St.,Big Ten,75.13,317,10.75,33.13,79.38,5.22,30.50,29,103.00,7.41,3.58,159,0
2024,Tyler Nubin,SAF,Minnesota,Big Ten,73.25,199,9.00,32.00,77.50,4.52,37.00,14,124.00,7.01,4.98,47,0
2024,Drake Nugent,C,Michigan,Big Ten,73.50,298,9.00,33.00,78.25,5.23,29.50,25,101.00,7.33,4.50,300,1
2024,Rome Odunze,WR,Washington,Pac-12,74.88,212,9.25,32.25,76.75,4.45,39.00,15,124.00,6.88,4.03,9,1
2024,Eyabi Okie-Anoma,EDGE,Charlotte,AAC,76.50,260,9.50,33.50,79.38,4.65,34.50,23,121.00,7.17,4.36,300,0
2024,Olakitan Oladapo,SAF,Oregon St.,Pac-12,74.00,216,9.25,32.38,79.25,4.58,36.00,15,117.00,6.83,4.15,169,1
2024,Ruke Orhorhoro,DT,Clemson,ACC,76.00,294,9.38,34.00,79.50,4.89,32.00,29,116.00,8.21,4.68,35,1
2024,Tyler Owens,SAF,Texas Tech,Big 12,74.38,216,9.13,33.38,79.13,4.51,41.00,24,146.00,6.81,4.04,300,1
2024,Patrick Paul,OT,Houston,Big 12,79.50,331,9.38,36.25,86.25,5.13,29.00,28,108.00,7.65,4.58,55,1
2024,Julian Pearl,OT,Illinois,Big Ten,78.00,312,10.25,35.13,85.63,5.09,31.00,27,111.00,7.83,4.73,300,0
2024,Ricky Pearsall,WR,Florida,SEC,73.00,189,9.25,30.88,73.38,4.41,42.00,17,129.00,6.64,4.05,31,1
2024,Andru Phillips,CB,Kentucky,SEC,70.75,190,8.75,31.25,75.00,4.48,42.00,15,135.00,6.95,3.94,70,1
2024,Prince Pines,G,Tulane,AAC,76.50,322,9.13,32.88,80.50,5.34,30.00,28,105.00,7.82,4.74,300,1
2024,Ja'Lynn Polk,WR,Washington,Pac-12,73.38,203,9.75,31.75,74.50,4.52,37.50,16,129.00,6.86,4.13,37,1
2024,Jackson Powers-Johnson,C,Oregon,Pac-12,75.38,328,9.88,32.25,78.50,5.21,32.00,30,104.00,7.41,2.89,44,1
2024,Sedrick Van Pran-Granger,C,Georgia,SEC,76.13,298,9.50,31.38,78.63,5.20,31.50,20,110.00,7.46,4.82,141,1
2024,Michael Pratt,QB,Tulane,AAC,74.50,217,9.25,30.75,77.00,4.70,36.00,14,114.00,7.20,4.23,245,1
2024,Deantre Prince,CB,Mississippi,SEC,72.00,183,8.50,30.75,73.75,4.38,34.50,15,125.00,6.94,4.55,153,1
2024,Nehemiah Pritchett,CB,Auburn,SEC,72.13,190,8.38,31.63,75.00,4.36,34.50,15,123.00,6.94,4.41,136,1
2024,Josh Proctor,SAF,Ohio St.,Big Ten,73.50,199,8.75,32.00,78.00,4.55,32.50,13,121.00,7.03,5.07,300,1
2024,Dominick Puni,G,Kansas,Big 12,77.13,313,10.13,33.38,81.13,5.35,30.00,27,107.00,7.47,4.40,86,1
2024,Keith Randolph,DT,Illinois,Big Ten,75.50,296,9.88,32.75,80.25,5.15,28.50,27,105.00,7.19,4.73,300,1
2024,Spencer Rattler,QB,South Carolina,SEC,72.25,211,9.88,31.00,74.75,4.95,32.00,13,108.00,7.21,4.37,150,1
2024,Andrew Raym,C,Oklahoma,Big 12,76.00,314,10.00,32.50,78.75,5.42,24.50,24,95.00,7.41,4.33,300,1
2024,Austin Reed,QB,Western Kentucky,Conference USA,73.50,220,9.88,30.13,73.38,4.82,32.50,16,114.00,6.69,4.23,300,1
2024,Ryan Rehkow,P,BYU,Big 12,76.38,235,8.88,31.25,76.38,4.63,35.50,19,123.00,7.05,4.31,300,0
2024,Will Reichard,K,Alabama,SEC,72.88,187,8.50,31.00,73.63,4.39,38.00,15,127.00,6.81,4.14,203,0
2024,Tip Reiman,TE,Illinois,Big Ten,76.88,271,10.50,32.88,79.50,4.64,33.50,28,121.00,7.02,4.26,82,1
2024,Brenden Rice,WR,USC,Pac-12,74.38,208,9.63,33.00,78.00,4.50,36.50,13,119.00,6.86,4.12,225,1
2024,Decamerion Richardson,CB,Mississippi St.,SEC,74.25,188,8.88,32.38,77.88,4.34,35.00,15,128.00,6.94,4.71,112,1
2024,Demani Richardson,SAF,Texas A&M,SEC,72.50,210,9.88,32.00,77.13,4.60,31.00,15,116.00,6.92,4.55,300,1
2024,Chop Robinson,EDGE,Penn St.,Big Ten,74.88,254,9.13,32.50,76.25,4.48,34.50,23,128.00,7.30,4.25,21,1
2024,Darius Robinson,DE,Missouri,SEC,77.13,285,10.63,34.50,84.38,4.95,35.00,21,111.00,7.44,4.84,27,1
2024,Keilan Robinson,RB,Texas,Big 12,68.38,191,9.63,30.63,74.38,4.42,33.00,22,125.00,6.61,4.22,167,1
2024,Layden Robinson,G,Texas A&M,SEC,75.50,302,10.50,34.63,81.50,5.13,26.50,27,111.00,7.67,4.58,103,1
2024,Tayvion Robinson,WR,Kentucky,SEC,70.50,191,9.25,31.00,75.25,4.43,38.00,16,125.00,6.88,4.17,300,0
2024,Justin Rogers,DT,Auburn,SEC,74.50,330,10.13,33.00,79.00,5.30,24.50,21,99.00,7.47,4.87,244,1
2024,Christian Roland-Wallace,CB,USC,Pac-12,71.50,201,9.00,32.50,77.00,4.52,38.50,17,126.00,6.94,3.99,300,1
2024,Marcus Rosemy-Jacksaint,WR,Georgia,SEC,73.13,195,10.00,33.00,77.75,4.46,35.00,12,119.00,6.89,4.17,300,1
2024,Roger Rosengarten,OT,Washington,Pac-12,77.38,308,9.63,33.50,80.38,4.92,30.00,28,113.00,7.92,4.60,62,1
2024,Walter Rouse,OT,Oklahoma,Big 12,77.75,313,10.13,35.13,83.75,5.10,31.00,27,110.00,7.87,4.72,177,0
2024,Mike Sainristil,CB,Michigan,Big Ten,69.38,182,8.50,30.88,74.50,4.47,40.00,14,131.00,6.99,4.01,50,1
2024,Andre' Sam,SAF,LSU,SEC,70.88,191,9.25,30.00,73.38,4.59,36.00,15,123.00,7.11,5.41,300,1
2024,Nick Samac,C,Michigan St.,Big Ten,76.00,307,9.75,32.75,79.00,5.17,31.50,27,107.00,7.41,4.29,228,0
2024,Ja'Tavion Sanders,TE,Texas,Big 12,75.88,245,10.13,32.88,78.25,4.69,35.00,28,121.00,7.04,4.32,101,1
2024,Cody Schrader,RB,Missouri,SEC,68.50,202,9.13,28.13,68.63,4.61,33.00,22,118.00,6.84,4.23,300,1
2024,Will Shipley,RB,Clemson,ACC,71.00,206,9.63,30.25,74.13,4.51,35.00,22,122.00,6.82,4.23,127,0
2024,Jaden Shirden,RB,Monmouth,CAA,68.00,187,9.25,28.75,69.63,4.45,34.50,22,117.00,6.60,4.21,300,1
2024,Jaylin Simpson,SAF,Auburn,SEC,71.63,179,9.88,32.38,76.63,4.45,39.50,13,133.00,7.22,5.94,164,1
2024,Ben Sinnott,TE,Kansas St.,Big 12,75.88,250,9.50,32.38,77.50,4.68,40.00,28,126.00,6.82,4.23,53,1
2024,Kedon Slovis,QB,BYU,Big 12,74.50,223,9.88,31.13,74.38,4.55,30.00,16,118.00,6.57,4.15,300,1
2024,Ainias Smith,WR,Texas A&M,SEC,69.38,190,8.50,29.00,70.25,4.42,41.50,21,131.00,6.87,4.16,152,1
2024,Maason Smith,DT,LSU,SEC,77.13,306,8.50,35.00,84.63,5.01,31.00,27,108.00,7.62,4.69,48,1
2024,Tykee Smith,SAF,Georgia,SEC,70.00,202,9.25,31.63,74.75,4.46,36.00,18,120.00,6.99,4.87,89,1
2024,Chau Smith-Wade,CB,Washington St.,Pac-12,69.75,184,9.13,30.25,72.38,4.54,34.50,18,125.00,7.05,4.32,157,1
2024,Javon Solomon,EDGE,Troy,Sun Belt,72.88,246,10.75,33.88,80.25,4.72,37.00,23,119.00,7.41,4.70,168,1
2024,Brevyn Spann-Ford,TE,Minnesota,Big Ten,78.50,260,10.25,33.38,80.00,4.77,31.50,28,116.00,7.38,4.31,300,1
2024,Fabien Lovett Sr.,DT,Florida St.,ACC,75.88,314,10.38,35.50,83.13,5.11,28.50,27,107.00,7.90,4.89,300,0
2024,Tarheeb Still,CB,Maryland,Big Ten,71.63,189,9.13,29.63,73.13,4.52,38.00,15,120.00,6.94,4.32,137,1
2024,Cade Stover,TE,Ohio St.,Big Ten,75.88,247,9.75,32.75,77.25,4.65,34.50,28,117.00,7.07,4.45,123,1
2024,Kingsley Suamataia,OT,BYU,Big 12,76.63,326,10.63,34.25,82.13,5.04,28.00,30,110.00,8.03,4.58,63,1
2024,Jalen Sundell,C,North Dakota St.,MVFC,77.00,301,9.50,33.13,77.88,5.14,31.50,26,109.00,7.41,4.81,300,0
2024,T'Vondre Sweat,DT,Texas,Big 12,76.50,366,10.13,33.25,81.25,5.27,26.00,27,98.00,8.74,5.46,38,1
2024,Marques Tampa,CB,Iowa St.,Big 12,72.88,189,9.63,32.13,78.50,4.46,37.50,15,126.00,6.94,4.44,130,0
2024,Leonard Taylor,DT,Miami,ACC,75.50,303,9.00,33.88,80.63,5.12,30.00,27,109.00,7.81,4.75,300,1
2024,Tory Taylor,P,Iowa,Big Ten,75.88,223,9.00,32.13,79.00,4.56,36.50,18,124.00,6.98,4.26,122,0
2024,Dadrion Taylor-Demerson,SAF,Texas Tech,Big 12,70.38,197,9.63,30.88,74.25,4.41,38.00,17,123.00,7.03,5.08,104,1
2024,Nathan Thomas,OT,Louisiana,Sun Belt,77.00,332,10.75,33.75,83.00,5.19,25.00,30,107.00,8.01,4.54,233,1
2024,Brian Thomas,WR,LSU,SEC,74.88,209,9.75,32.75,79.63,4.33,38.50,11,126.00,6.85,4.11,23,1
2024,Xavier Thomas,EDGE,Clemson,ACC,74.25,244,9.13,32.88,78.25,4.62,32.50,26,120.00,7.48,4.89,138,1
2024,Jamari Thrash,WR,Louisville,ACC,71.75,188,8.63,31.00,74.50,4.46,34.00,12,120.00,7.16,4.19,156,1
2024,Ro Torrence,CB,Arizona St.,Pac-12,74.88,208,8.50,34.13,80.25,4.54,39.00,15,127.00,6.94,4.17,300,0
2024,Jordan Travis,QB,Florida St.,ACC,73.13,200,9.00,31.38,76.00,4.67,32.00,16,104.00,8.25,4.44,171,0
2024,Bralen Trice,EDGE,Washington,Pac-12,75.50,245,9.00,32.50,77.63,4.72,35.00,23,122.00,7.45,4.68,74,1
2024,Zion Tupuola-Fetui,EDGE,Washington,Pac-12,74.75,244,10.63,33.38,82.50,4.66,35.00,23,122.00,7.47,4.70,300,0
2024,Charles Turner,C,LSU,SEC,75.63,303,9.38,34.00,83.25,5.13,31.00,27,109.00,7.88,4.62,300,1
2024,Dallas Turner,EDGE,Alabama,SEC,74.75,247,9.88,34.38,83.00,4.46,40.50,23,127.00,7.39,4.31,17,1
2024,David Ugwoegbu,EDGE,Houston,Big 12,75.88,250,10.25,33.75,80.38,4.68,31.50,21,121.00,7.37,4.63,300,1
2024,Edefuan Ulofoshio,LB,Washington,Pac-12,72.50,236,9.25,32.88,79.63,4.56,39.50,18,128.00,7.32,5.27,160,1
2024,Sione Vaki,SAF,Utah,Pac-12,71.13,210,8.63,29.13,72.13,4.62,39.50,20,125.00,6.89,4.39,132,1
2024,Devaughn Vele,WR,Utah,Pac-12,76.00,203,9.75,33.50,79.13,4.47,36.00,13,126.00,6.86,4.14,235,1
2024,Jared Verse,EDGE,Florida St.,ACC,75.88,254,9.88,33.50,79.50,4.58,35.00,31,127.00,7.31,4.44,19,1
2024,Kimani Vidal,RB,Troy,Sun Belt,67.88,213,9.38,30.38,73.25,4.46,37.50,18,120.00,7.01,4.15,181,1
2024,Devontez Walker,WR,North Carolina,ACC,73.50,193,9.13,33.25,79.13,4.36,40.50,18,134.00,6.86,4.15,113,1
2024,Caedan Wallace,OT,Penn St.,Big Ten,76.88,314,10.75,34.00,82.63,5.15,31.00,30,116.00,7.92,4.64,68,1
2024,Josh Wallace,CB,Michigan,Big Ten,71.13,185,8.88,31.38,75.63,4.39,34.50,13,120.00,6.94,4.35,300,1
2024,Trevin Wallace,LB,Kentucky,SEC,73.13,237,9.13,32.63,79.13,4.51,37.50,18,127.00,7.35,5.10,72,1
2024,Tahj Washington,WR,USC,Pac-12,69.75,174,8.38,29.13,70.00,4.41,35.00,13,122.00,6.92,4.24,241,1
2024,Malik Washington,WR,Virginia,ACC,68.50,191,9.25,30.38,72.88,4.47,42.50,19,126.00,6.87,4.16,184,1
2024,Nathaniel Watson,LB,Mississippi St.,SEC,74.25,233,9.88,32.88,81.00,4.63,31.00,18,111.00,7.31,3.85,206,1
2024,Eric Watts,DE,Connecticut,FBS Independent,77.63,274,9.75,35.75,84.38,4.67,36.50,21,117.00,7.59,4.73,300,1
2024,Ryan Watts,CB,Texas,Big 12,74.88,208,9.38,34.50,81.75,4.53,40.50,15,125.00,6.82,4.13,195,1
2024,Xavier Weaver,WR,Colorado,Pac-12,72.25,169,8.88,31.13,73.25,4.39,37.50,13,126.00,6.91,4.25,300,0
2024,Jack Westover,TE,Washington,Pac-12,74.63,243,9.13,32.13,77.13,4.64,35.00,28,122.00,7.03,4.34,300,0
2024,Jordan Whittington,WR,Texas,Big 12,72.63,205,10.00,30.38,73.63,4.45,40.00,18,128.00,6.85,4.12,213,1
2024,Nate Wiggins,CB,Clemson,ACC,73.38,173,9.00,30.50,74.25,4.28,36.00,15,127.00,6.95,5.01,30,1
2024,Jared Wiley,TE,TCU,Big 12,78.13,249,9.50,33.25,79.25,4.62,37.00,28,118.00,7.19,4.33,131,1
2024,Michael Wiley,RB,Arizona,Pac-12,70.50,210,9.25,30.00,74.13,4.51,33.50,22,119.00,6.93,4.43,300,1
2024,Caleb Williams,QB,USC,Pac-12,73.13,214,9.75,32.00,75.88,4.78,32.00,18,111.00,7.14,4.30,1,0
2024,Evan Williams,SAF,Oregon,Pac-12,71.25,200,10.13,30.13,72.88,4.60,40.50,17,126.00,6.99,4.88,111,1
2024,Isaiah Williams,WR,Illinois,Big Ten,69.25,182,9.13,30.13,72.75,4.63,38.00,17,123.00,6.75,4.20,300,1
2024,James Williams,SAF,Miami,ACC,76.25,231,9.50,33.63,80.25,4.65,30.00,17,117.00,6.69,3.50,242,1
2024,Miyan Williams,RB,Ohio St.,Big Ten,68.50,229,9.00,28.63,69.63,4.56,36.00,22,119.00,7.25,4.26,300,0
2024,Johnny Wilson,WR,Florida St.,ACC,78.38,231,10.00,35.38,84.50,4.52,37.00,14,128.00,6.82,4.11,185,1
2024,Payton Wilson,LB,North Carolina St.,ACC,75.88,233,9.00,30.50,75.75,4.43,34.50,18,119.00,7.29,4.43,98,1
2024,Roman Wilson,WR,Michigan,Big Ten,70.75,185,9.38,30.38,72.50,4.39,35.00,12,120.00,6.90,4.20,84,1
2024,Mekhi Wingo,DT,LSU,SEC,72.25,284,9.25,32.00,77.88,4.85,31.50,25,109.00,7.47,4.45,189,1
2024,Xavier Worthy,WR,Texas,Big 12,71.25,165,8.75,31.13,74.25,4.21,41.00,16,131.00,6.91,4.25,28,1
2024,Jaylen Wright,RB,Tennessee,SEC,70.50,210,9.38,31.50,75.88,4.38,38.00,22,134.00,6.77,4.23,120,1
2024,Zak Zinter,G,Michigan,Big Ten,77.88,309,9.38,33.50,81.13,5.16,30.00,27,110.00,7.69,4.60,85,0
2025,Abdul Carter,EDGE,Penn State,Big Ten,75.00,250,7.63,33.50,80.50,4.28,43.00,33,138.00,8.19,4.47,3,0
2025,Travis Hunter,CB,Colorado,Big 12,72.38,188,9.13,31.38,76.88,4.43,43.00,12,105.00,8.19,4.94,2,0
2025,Ashton Jeanty,RB,Boise State,Mountain West,68.50,211,9.25,29.25,72.75,4.58,34.92,11,111.80,7.11,4.97,6,0
2025,Mason Graham,DL,Michigan,Big Ten,75.50,296,9.13,32.00,78.50,5.45,24.50,24,138.00,6.65,4.97,5,1
2025,Tyler Warren,TE,Penn State,Big Ten,77.50,256,9.50,31.63,76.50,5.24,43.00,33,121.40,6.65,4.97,14,0
2025,Jalon Walker,LB,Georgia,SEC,73.00,243,10.25,32.00,79.88,4.75,24.50,11,115.30,6.88,4.03,15,0
2025,Jahdae Barron,CB,Texas,SEC,70.75,194,9.50,29.50,73.50,4.39,35.00,16,123.00,8.19,4.03,20,1
2025,Will Campbell,OT,LSU,SEC,77.88,319,9.50,32.50,77.38,4.98,32.00,11,113.00,8.19,4.97,4,1
2025,Colston Loveland,TE,Michigan,Big Ten,77.75,248,10.00,32.63,79.38,5.45,24.50,11,101.30,6.65,4.03,10,0
2025,Cam Ward,QB,Miami,ACC,73.63,219,9.00,30.50,75.75,4.28,43.00,22,138.00,8.19,4.97,1,0
2025,Armand Membou,OT,Missouri,SEC,76.25,332,9.63,33.50,82.00,4.91,34.00,31,115.00,6.65,4.03,7,1
2025,Jihaad Campbell,LB,Alabama,SEC,74.88,235,10.50,32.50,80.00,4.52,29.77,33,127.00,6.85,4.83,31,1
2025,Omarion Hampton,RB,North Carolina,ACC,71.75,221,9.38,30.50,74.75,4.46,38.00,18,130.00,6.75,4.40,22,1
2025,Will Johnson,CB,Michigan,Big Ten,73.75,194,9.13,30.13,75.88,4.29,42.50,17,116.80,8.19,4.03,47,0
2025,Matthew Golden,WR,Texas,SEC,71.00,191,9.50,30.50,76.38,4.29,27.78,11,115.10,6.65,4.03,23,1
2025,Emeka Egbuka,WR,Ohio State,Big Ten,72.88,202,9.50,31.50,76.63,4.54,37.82,11,125.30,7.41,4.55,19,0
2025,Tetairoa McMillan,WR,Arizona,Big 12,76.13,219,10.00,31.50,77.88,4.68,32.15,15,121.50,6.94,4.19,8,0
2025,Nick Emmanwori,S,South Carolina,SEC,75.13,220,9.00,32.50,78.25,4.38,43.00,20,138.00,7.30,4.69,35,1
2025,Mykel Williams,EDGE,Georgia,SEC,77.13,260,10.25,34.38,82.88,4.73,43.00,32,93.00,6.65,4.97,11,1
2025,Mike Green,EDGE,Marshall,Sun Belt,75.13,251,8.50,32.00,77.63,5.45,24.50,28,138.00,8.19,4.97,59,1
2025,Luther Burden III,WR,Missouri,SEC,72.00,206,8.50,31.25,76.50,4.41,29.17,12,115.90,7.33,4.11,39,1
2025,Shedeur Sanders,QB,Colorado,Big 12,73.50,212,9.38,31.50,77.75,4.28,24.50,22,93.00,6.65,4.97,144,0
2025,James Pearce Jr,EDGE,Tennessee,SEC,77.25,245,10.00,32.63,80.88,4.47,31.00,27,123.00,6.65,4.79,26,1
2025,Grey Zabel,OT,North Dakota State,MVFC,77.88,312,9.50,32.00,77.50,5.45,36.50,26,111.00,8.19,4.97,18,1
2025,Malaki Starks,S,Georgia,SEC,72.88,197,9.50,31.50,78.38,4.50,33.00,16,117.50,7.26,4.45,27,1
2025,Kenneth Grant,DL,Michigan,Big Ten,75.63,331,10.13,33.50,82.63,4.28,24.50,22,93.00,8.19,4.03,13,1
2025,Tyler Booker,OG,Alabama,SEC,76.63,321,11.00,34.50,83.50,5.38,27.00,21,94.00,7.96,4.84,12,1
2025,Shemar Stewart,EDGE,Texas A&M,SEC,77.00,267,9.63,34.13,84.75,4.59,40.00,29,131.00,6.65,4.03,17,1
2025,Derrick Harmon,DL,Oregon,Big Ten,76.50,313,10.38,34.38,83.75,4.95,24.50,11,93.00,6.65,4.97,21,1
2025,Donovan Ezeiruaku,EDGE,Boston College,ACC,74.50,248,9.25,34.00,82.75,4.28,35.50,22,119.00,6.94,4.19,44,1
2025,Kelvin Banks Jr,OT,Texas,SEC,77.13,315,10.38,33.50,84.38,5.16,32.00,14,104.00,7.81,4.66,9,1
2025,Maxwell Hairston,CB,Kentucky,SEC,71.25,183,8.63,31.00,76.63,4.28,39.50,17,129.00,6.65,4.97,30,1
2025,TreVeyon Henderson,RB,Ohio State,Big Ten,70.13,202,9.50,30.63,76.13,4.43,38.50,11,128.00,6.65,4.97,38,1
2025,Walter Nolen,DL,Ole Miss,SEC,75.75,296,9.50,32.50,78.63,5.45,24.50,33,138.00,6.65,4.03,16,0
2025,Josh Simmons,OT,Ohio State,Big Ten,76.88,317,10.00,33.00,82.00,5.45,24.50,33,112.10,7.92,4.97,32,0
2025,Quinshon Judkins,RB,Ohio State,Big Ten,71.63,221,9.25,30.25,73.50,4.48,38.50,33,132.00,6.89,4.03,36,1
2025,Josh Conerly Jr,OT,Oregon,Big Ten,76.63,311,10.38,33.50,82.25,5.05,34.50,33,103.00,6.65,4.05,29,1
2025,Mason Taylor,TE,LSU,SEC,77.13,251,10.00,33.25,78.75,4.28,24.50,33,110.70,6.65,4.97,42,0
2025,Donovan Jackson,OG,Ohio State,Big Ten,75.63,315,9.75,33.50,83.75,4.28,24.50,11,102.10,6.65,4.03,24,0
2025,Tyleik Williams,DL,Ohio State,Big Ten,74.88,334,10.25,32.00,78.63,4.28,43.00,11,93.00,6.65,4.03,28,0
2025,Jaxson Dart,QB,Ole Miss,SEC,74.25,233,9.50,30.00,72.88,4.28,43.00,22,138.00,6.65,4.03,25,0
2025,Trey Amos,CB,Ole Miss,SEC,72.75,195,9.00,31.25,77.75,4.43,32.50,13,126.00,8.19,4.97,61,1
2025,Azareye'h Thomas,CB,Flordia State,ACC,73.50,197,10.00,32.38,78.00,4.63,36.57,12,122.00,6.65,4.97,73,1
2025,Elijah Arroyo,TE,Miami,ACC,77.13,250,10.00,33.00,81.88,5.38,24.50,22,111.00,8.19,4.97,50,1
2025,Joshua Farmer,DL,Florida State,ACC,75.25,305,10.25,35.00,83.38,5.11,29.00,26,112.00,8.19,4.97,137,1
2025,Benjamin Morrison,CB,Notre Dame,FBS Independent,72.25,193,9.25,30.38,75.88,4.33,24.71,13,121.30,8.19,4.97,53,0
2025,Carson Schwesinger,LB,UCLA,Big Ten,74.50,242,9.25,31.50,77.50,4.66,39.50,20,115.30,7.00,4.37,33,1
2025,Darius Alexander,DL,Toldeo,MAC,75.88,305,10.00,34.00,82.88,4.95,31.50,28,111.00,7.60,4.79,65,1
2025,Landon Jackson,EDGE,Arkansas,SEC,78.00,264,10.00,33.25,83.63,4.68,40.50,28,129.00,7.02,4.97,72,1
2025,Kaleb Johnson,RB,Iowa,Big Ten,73.00,224,9.50,33.00,78.50,4.57,37.78,33,109.60,6.97,4.03,83,1
2025,Marcus Mbow,OT,Purdue,Big Ten,76.13,303,10.50,32.00,80.00,4.28,34.40,11,93.00,8.19,4.67,154,1
2025,Nic Scourton,EDGE,Texas A&M,SEC,74.75,257,10.00,33.00,80.88,4.28,35.80,15,93.00,6.65,4.03,51,0
2025,Darien Porter,CB,Iowa State,Big 12,74.88,195,9.00,31.13,80.00,4.30,36.50,11,131.00,6.71,4.04,68,1
2025,J.T. Tuimoloau,EDGE,Ohio State,Big Ten,76.25,265,10.50,33.63,82.38,4.28,25.35,27,93.00,6.65,4.07,45,0
2025,Alfred Collins,DL,Texas,SEC,77.63,332,10.00,34.50,85.00,4.28,26.00,11,96.00,6.65,4.97,43,1
2025,Aireontae Ersery,OT,Minnesota,Big Ten,78.00,331,9.50,33.13,80.88,5.01,29.50,25,111.00,7.81,4.82,48,1
2025,Xavier Watts,S,Notre Dame,FBS Independent,71.75,204,8.50,31.13,76.50,4.28,43.00,16,112.70,7.29,4.12,96,0
2025,Jonah Savaiinaea,OT,Arizona,Big 12,76.13,324,10.25,33.75,82.25,4.95,29.00,18,106.00,7.28,4.66,37,1
2025,Shavon Revel Jr,CB,East Carolina,AAC,73.88,194,9.50,32.50,79.75,4.67,30.46,13,112.00,8.19,4.03,76,0
2025,T.J. Sanders,DL,South Carolina,SEC,75.88,297,10.25,33.13,80.88,4.28,31.50,31,112.00,7.70,4.67,41,1
2025,Princely Umanmielen,EDGE,Ole Miss,SEC,76.38,244,9.63,33.88,82.13,4.72,38.00,29,126.00,7.33,4.46,77,1
2025,Elic Ayomanor,WR,Stanford,ACC,73.75,206,10.00,32.38,78.38,4.44,38.50,33,127.00,6.70,4.31,136,1
2025,Jayden Higgins,WR,Iowa State,Big 12,76.13,214,9.13,33.13,80.00,4.47,39.00,11,128.00,7.75,4.03,34,1
2025,Jack Sawyer,EDGE,Ohio State,Big Ten,76.25,260,9.63,31.63,77.13,4.28,24.50,33,138.00,8.19,4.03,123,0
2025,Tre Harris,WR,Ole Miss,SEC,74.38,205,9.50,31.75,78.25,4.54,38.50,15,125.00,6.93,4.05,55,1
2025,Jordan Burch,EDGE,Oregon,Big Ten,76.13,279,9.50,33.00,79.38,4.67,24.50,31,93.00,8.19,4.03,78,1
2025,Jack Bech,WR,TCU,Big 12,73.25,214,9.00,31.50,75.00,4.52,34.50,19,125.00,6.84,4.21,58,1
2025,Omarr Norman-Lott,DL,Tennessee,SEC,73.88,291,10.63,33.63,80.50,5.45,31.50,11,113.00,8.19,4.97,63,1
2025,Cameron Williams,OT,Texas,SEC,77.75,317,11.38,34.50,84.50,4.28,43.00,33,93.00,8.19,4.03,207,0
2025,Deone Walker,DL,Kentucky,SEC,79.38,331,10.50,34.25,84.13,5.45,25.00,33,104.00,6.65,4.03,109,1
2025,Jalen Royals,WR,Utah State,Mountain West,72.00,205,9.50,30.13,73.75,4.42,35.58,13,122.10,7.24,4.03,133,1
2025,Dylan Sampson,RB,Tennessee,SEC,68.13,200,8.63,30.50,73.00,4.43,35.00,13,124.00,6.74,4.03,126,1
2025,Harold Fannin Jr,TE,Bowling Green,MAC,75.25,241,9.25,32.25,79.25,4.71,34.00,22,118.00,6.97,4.39,67,1
2025,Jalen Milroe,QB,Alabama,SEC,73.88,217,9.38,30.50,76.63,4.28,24.50,22,138.00,6.65,4.03,92,0
2025,Bradyn Swinson,EDGE,LSU,SEC,75.63,255,9.75,33.38,81.25,5.45,24.50,27,93.00,7.13,4.33,146,1
2025,Jaylin Noel,WR,Iowa State,Big 12,70.25,194,8.63,29.50,73.75,4.39,41.50,23,134.00,6.82,4.17,79,1
2025,Kyle Kennard,EDGE,South Carolina,SEC,76.00,254,9.63,34.00,81.50,4.73,30.43,23,138.00,6.65,4.97,125,1
2025,Tate Ratledge,OG,Georgia,SEC,78.50,308,10.38,32.25,79.25,4.97,32.00,11,113.00,7.38,4.03,57,1
2025,Ozzy Trapilo,OT,Boston College,ACC,80.13,316,10.38,33.00,81.00,5.21,24.50,22,106.00,7.71,4.70,56,1
2025,Tez Johnson,WR,Oregon,Big Ten,69.88,154,9.00,29.38,73.75,4.51,37.00,20,131.00,6.65,4.15,235,1
2025,Jared Wilson,C,Georgia,SEC,75.00,310,10.63,32.38,80.00,4.84,32.00,11,112.00,7.56,4.56,95,1
2025,Jared Ivey,EDGE,Ole Miss,SEC,77.88,274,9.13,33.50,82.75,5.45,24.50,30,138.00,8.19,4.97,300,0
2025,Andrew Mukuba,S,Texas,SEC,71.25,186,9.00,30.00,75.38,4.45,40.36,17,121.40,6.65,4.03,64,1
2025,Shemar Turner,DL,Texas A&M,SEC,75.13,290,10.25,33.50,81.13,5.45,43.00,33,138.00,6.65,4.97,62,0
2025,Jordan Phillips,DL,Maryland,Big Ten,73.63,312,9.63,31.50,79.13,5.45,31.00,29,108.00,8.19,4.65,143,1
2025,Wyatt Milum,OG,West Virginia,Big 12,78.50,313,10.25,32.13,79.50,5.27,30.00,33,108.00,8.19,4.69,89,1
2025,Josaiah Stewart,EDGE,Michigan,Big Ten,73.00,249,9.50,31.75,79.00,5.45,24.50,29,138.00,6.65,4.58,90,0
2025,Cam Skattebo,RB,Arizona State,Big 12,69.50,219,9.38,29.75,73.88,4.65,39.50,17,123.00,7.37,4.97,105,1
2025,Isaiah Bond,WR,Texas,SEC,70.63,180,8.50,30.50,75.50,4.39,31.95,15,113.30,6.65,4.09,300,1
2025,Will Howard,QB,Ohio State,Big Ten,76.25,236,9.00,32.00,77.13,4.28,31.50,22,112.00,7.13,4.33,185,1
2025,Gunnar Helm,TE,Texas,SEC,77.00,241,9.75,32.63,79.50,4.84,30.00,33,129.30,7.15,4.40,120,1
2025,Quinn Ewers,QB,Texas,SEC,74.13,214,9.38,30.68,75.00,4.28,24.50,22,138.00,7.95,4.97,231,0
2025,Aeneas Peebles,DL,Virginia Tech,ACC,72.50,282,9.63,31.38,78.00,4.94,32.50,11,109.00,6.65,4.70,210,1
2025,Savion Williams,WR,TCU,Big 12,75.88,222,10.25,32.50,80.88,4.48,37.23,11,116.00,7.29,4.21,87,1
2025,Kevin Winston Jr.,S,Penn State,Big Ten,73.50,215,9.50,32.50,80.88,4.44,38.11,12,103.80,6.72,4.97,82,0
2025,Xavier Restrepo,WR,Miami,ACC,69.88,209,9.13,29.38,71.63,4.39,40.57,17,113.90,6.84,4.12,300,1
2025,Terrance Ferguson,TE,Oregon,Big Ten,77.38,247,9.25,32.75,80.13,4.63,39.00,11,122.00,6.65,4.97,46,1
2025,Chris Paul Jr,LB,Ole Miss,SEC,72.88,222,9.38,29.75,75.38,4.63,36.00,33,117.00,6.96,4.05,172,1
2025,Barrett Carter,LB,Clemson,ACC,72.13,231,9.25,32.13,78.63,4.64,34.50,22,116.00,7.24,4.41,119,1
2025,Cobee Bryant,CB,Kansas,Big 12,72.00,180,9.25,31.25,77.00,4.53,35.14,20,119.00,8.19,4.97,300,1
2025,CJ West,DL,Indiana,Big Ten,73.13,316,9.63,31.50,79.13,4.95,33.00,28,138.00,6.65,4.03,113,1
2025,Ashton Gillotte,EDGE,Louisville,ACC,74.63,264,8.50,31.88,78.63,4.28,36.50,24,120.00,8.19,4.62,66,1
2025,Ollie Gordon II,RB,Oklahoma State,Big 12,73.38,226,9.50,32.63,80.00,4.61,34.50,33,120.00,6.84,4.87,179,1
2025,Devin Neal,RB,Kansas,Big 12,71.13,213,8.50,29.50,71.75,4.58,37.50,11,124.00,6.65,4.03,184,1
2025,Demetrius Knight Jr,LB,South Carolina,SEC,73.63,235,10.00,32.50,80.50,4.58,31.50,22,118.00,7.12,4.25,49,1
2025,Oluwafemi Oladejo,EDGE,UCLA,Big Ten,75.25,259,9.63,33.38,82.13,4.28,36.50,20,120.00,6.65,4.97,52,1
2025,Jeffrey Bassa,LB,Oregon,Big Ten,73.13,232,9.25,31.38,78.75,4.63,38.50,21,118.00,7.34,4.44,156,1
2025,Tyler Shough,QB,Lousiville,ACC,76.88,219,9.68,30.63,76.50,4.63,32.00,22,117.00,6.65,4.03,40,1
2025,Charles Grant,OT,William & Mary,CAA,76.88,311,10.25,34.63,81.88,4.28,24.50,19,99.20,6.65,4.03,99,1
2025,RJ Harvey,RB,UCF,Big 12,68.00,205,9.00,29.00,71.25,4.40,38.00,16,127.00,7.34,4.34,60,1
2025,Emery Jones Jr.,OT,LSU,SEC,77.25,315,10.63,34.25,81.50,5.45,24.50,33,109.20,8.19,4.97,91,0
2025,Quincy Riley,CB,Louisville,ACC,70.63,194,8.50,31.00,75.00,4.48,29.18,15,125.00,6.65,4.97,131,1
2025,Zy Alexander,CB,LSU,SEC,73.38,187,9.25,31.00,77.50,4.56,31.50,11,116.00,8.19,4.97,300,1
2025,Anthony Belton,OT,NC State,ACC,78.00,336,10.25,33.75,83.13,5.26,29.50,11,107.00,7.77,4.03,54,1
2025,Dorian Strong,CB,Virginia Tech,ACC,73.00,185,9.25,30.75,76.13,4.50,36.00,15,116.00,8.19,4.97,177,1
2025,Danny Stutsman,LB,Oklahoma,SEC,75.25,233,9.00,32.13,77.50,4.52,34.00,33,117.50,7.12,4.03,112,1
2025,Jacob Parrish,CB,Kansas State,Big 12,69.75,191,9.00,30.75,75.88,4.35,37.50,12,129.00,8.19,4.93,84,1
2025,Damien Martinez,RB,Miami,ACC,71.63,217,9.50,30.50,75.25,4.51,35.00,33,124.00,6.95,4.97,223,1
2025,Lathan Ransom,S,Ohio State,Big Ten,72.25,206,8.50,30.50,75.13,4.28,28.66,23,126.80,6.65,4.16,122,0
2025,Denzel Burke,CB,Ohio State,Big Ten,71.25,186,8.63,31.38,77.13,4.48,40.80,11,123.00,6.65,4.97,174,1
2025,Tory Horton,WR,Colorado State,Mountain West,74.50,196,9.00,30.50,77.00,4.41,37.50,12,117.80,7.12,4.30,166,1
2025,Barryn Sorrell,EDGE,Texas,SEC,75.25,256,9.25,33.25,77.88,4.68,34.00,28,121.00,7.06,4.36,124,1
2025,Zah Frazier,CB,UTSA,AAC,74.88,186,8.25,32.75,80.13,4.36,36.50,12,126.00,7.00,4.26,169,1
2025,DJ Giddens,RB,Kansas State,Big 12,72.25,212,9.25,30.38,75.25,4.43,39.50,33,130.00,7.84,4.33,151,1
2025,Ty Robinson,DL,Nebraska,Big Ten,77.13,288,10.00,32.25,79.00,4.83,33.50,28,119.00,7.58,4.50,111,1
2025,J.J. Pegues,DL,Ole Miss,SEC,74.50,309,9.38,32.50,79.25,5.15,27.50,33,93.00,8.19,4.03,180,1
2025,Billy Bowman Jr.,S,Oklahoma,SEC,69.88,192,8.50,28.50,70.75,4.42,35.50,17,123.00,6.65,4.03,118,1
2025,Sebastian Castro,S,Iowa,Big Ten,71.25,203,10.50,30.63,74.38,4.59,30.50,11,117.00,7.11,4.34,300,1
2025,David Walker,EDGE,Central Arkansas,UAC,72.88,263,9.25,31.88,77.50,4.69,35.00,26,118.00,7.15,4.39,121,1
2025,Elijah Roberts,EDGE,SMU,ACC,75.63,285,10.25,33.50,82.50,4.78,31.50,29,116.00,8.19,4.47,157,1
2025,Nohl Williams,CB,California,ACC,72.38,199,9.00,30.63,75.50,4.50,41.09,19,120.00,6.65,4.97,85,1
2025,Jonas Sanker,S,Virginia,ACC,72.38,206,9.63,32.25,77.63,4.48,36.50,12,128.00,7.46,4.97,93,1
2025,Brashard Smith,RB,SMU,ACC,69.88,194,8.63,30.50,74.00,4.39,32.50,33,117.00,7.45,4.97,228,1
2025,Smael Mondon Jr,LB,Georgia,SEC,74.25,224,9.63,31.63,80.13,4.58,43.00,28,130.00,7.27,4.79,161,1
2025,Tyler Baron,EDGE,Miami,ACC,76.63,258,10.00,33.13,80.25,4.62,35.50,19,121.00,6.65,4.16,176,1
2025,Ajani Cornelius,OT,Oregon,Big Ten,76.63,310,9.50,33.50,82.00,5.45,24.50,11,128.10,6.65,4.03,204,0
2025,Sai'vion Jones,EDGE,LSU,SEC,77.38,280,10.00,33.50,82.38,5.45,33.00,19,119.00,6.65,4.97,101,1
2025,Bhayshul Tuten,RB,Virginia Tech,ACC,69.25,206,9.00,29.50,72.88,4.32,40.50,33,130.00,6.65,4.41,104,1
2025,Miles Frazier,OG,LSU,SEC,77.63,317,9.00,32.63,81.25,5.24,31.00,27,108.00,8.19,4.03,171,1
2025,Tai Felton,WR,Maryland,Big Ten,73.13,183,9.00,30.00,72.38,4.37,39.50,21,130.00,6.99,4.03,102,1
2025,Antwaun Powell-Ryland,EDGE,Virginia Tech,ACC,74.63,258,9.50,31.25,76.13,4.69,36.50,18,124.00,7.38,4.03,209,1
2025,Mitchell Evans,TE,Notre Dame,FBS Independent,77.38,241,9.50,32.00,77.00,4.74,31.00,33,115.00,7.25,4.40,163,1
2025,Vernon Broughton,DL,Texas,SEC,77.00,311,9.25,35.00,83.88,5.45,43.00,33,138.00,8.19,4.03,71,0
2025,Pat Bryant,WR,Illinois,Big Ten,74.25,204,9.50,31.13,78.00,4.61,37.50,17,124.00,6.65,4.03,74,1
2025,Dillon Gabriel,QB,Oregon,Big Ten,71.13,205,9.25,29.50,73.00,4.84,24.50,22,138.00,6.65,4.03,94,0
2025,Jamaree Caldwell,DL,Oregon,Big Ten,74.13,332,9.38,32.00,78.38,5.16,27.00,33,93.00,6.65,4.03,86,1
2025,Riley Leonard,QB,Notre Dame,FBS Independent,75.75,216,9.50,31.50,77.13,4.28,43.00,22,93.00,8.19,4.97,189,0
2025,Seth McLaughlin,C,Ohio State,Big Ten,76.00,304,9.50,31.00,78.25,4.84,32.00,33,112.00,7.56,4.97,300,0
2025,Upton Stout,CB,Western Kentucky,Conference USA,73.00,181,9.00,30.00,74.38,4.44,37.50,21,128.00,8.19,4.29,100,1
2025,Jake Briningstool,TE,Clemson,ACC,77.63,241,8.50,31.38,77.63,4.75,31.00,33,115.00,8.19,4.03,300,1
2025,Jah Joyner,EDGE,Minnesota,Big Ten,76.25,262,9.38,34.00,82.50,4.60,30.00,33,89.10,7.33,4.68,300,1
2025,Jarquez Hunter,RB,Auburn,SEC,69.38,204,9.50,30.00,72.63,4.44,33.50,21,120.00,6.81,4.97,117,1
2025,Ty Hamilton,DL,Ohio State,Big Ten,74.88,299,10.13,32.25,78.63,4.28,24.50,33,93.00,8.19,4.97,148,0
2025,Kyle McCord,QB,Syracuse,ACC,75.00,218,9.50,31.00,74.50,4.28,24.50,22,138.00,7.19,4.97,181,0
2025,Kyle Williams,WR,Washington State,Pac-12,70.63,190,8.63,30.13,73.00,4.40,36.50,18,119.00,7.07,4.48,69,1
2025,Mello Dotson,CB,Kansas,Big 12,72.63,192,8.50,31.50,77.88,4.59,34.50,18,123.00,7.27,4.97,300,1
2025,LeQuint Allen,RB,Syracuse,ACC,72.13,204,10.13,32.00,78.63,4.65,35.00,33,120.00,7.25,4.97,236,1
2025,Trevor Etienne,RB,Georgia,SEC,68.75,198,9.50,29.25,70.50,4.42,35.00,15,124.00,6.65,4.03,114,1
2025,Jalen Rivers,OT,Miami,ACC,77.75,319,10.00,34.75,83.88,5.29,43.00,23,108.00,8.19,4.97,153,1
2025,Jack Kiser,LB,Notre Dame,FBS Independent,73.63,231,9.00,30.38,75.50,4.28,39.19,11,112.80,7.22,4.60,107,0
2025,Kalel Mullings,RB,Michigan,Big Ten,73.50,226,10.00,31.63,78.00,4.28,33.08,15,122.90,7.26,4.97,188,0
2025,Dylan Fairchild,OG,Georgia,SEC,77.25,318,10.00,33.00,80.75,4.28,27.50,33,111.00,6.65,4.97,81,1
2025,Malachi Moore,S,Alabama,SEC,71.25,196,9.00,29.50,75.25,4.44,38.68,15,127.20,6.94,4.03,130,0
2025,Logan Brown,OT,Kansas,Big 12,78.38,311,10.00,33.75,84.00,5.18,32.00,26,111.00,7.75,4.51,300,1
2025,Chase Lundt,OT,Connecticut,FBS Independent,79.50,304,9.50,32.50,77.75,4.28,32.99,20,138.00,6.65,4.97,206,1
2025,Tyler Batty,EDGE,Brigham Young,Big 12,77.63,271,9.38,33.13,81.00,4.78,34.00,27,120.00,7.21,4.54,300,1
2025,Bilhal Kone,CB,Western Michigan,MAC,73.25,190,9.00,30.75,75.50,4.43,26.41,16,124.00,6.65,4.03,178,1
2025,Jaylin Smith,CB,USC,Big Ten,68.50,187,9.25,29.75,75.25,4.45,32.50,15,122.00,6.65,4.97,97,1
2025,Kobe Hudson,WR,UCF,Big 12,72.75,193,9.00,30.50,75.25,4.57,35.00,17,122.00,6.85,4.40,300,1
2025,Clay Webb,OG,Jacksonville State,Conference USA,75.25,312,10.00,32.00,79.50,5.11,31.00,29,107.00,6.65,4.90,300,1
2025,Jaydon Blue,RB,Texas,SEC,69.00,196,8.25,29.75,75.50,4.38,33.80,33,125.30,6.65,4.97,149,1
2025,Nick Martin,LB,Oklahoma State,Big 12,71.63,221,9.25,31.63,78.38,4.53,38.00,27,123.00,7.27,4.14,75,1
2025,Oronde Gadsden II,TE,Syracruse,ACC,76.63,243,10.00,33.38,81.63,5.45,34.00,33,114.00,6.65,4.97,165,1
2025,Jamon Dumas-Johnson,LB,Kentucky,SEC,72.75,238,9.50,32.00,78.50,4.62,42.47,33,109.40,7.78,4.93,300,0
2025,Cody Simon,LB,Ohio State,Big Ten,74.13,229,9.63,31.25,75.75,4.71,35.34,11,104.50,7.33,4.43,115,0
2025,Caleb Ransaw,CB,Tulane,AAC,71.38,197,9.63,30.63,75.63,4.33,39.77,16,129.00,6.65,4.91,88,1
2025,Jonah Monheim,C,USC,Big Ten,76.13,302,9.25,30.13,77.00,4.84,32.00,33,112.00,7.56,4.03,221,0
2025,Tyrion Ingram-Dawkins,DL,Georgia,SEC,76.75,276,9.63,33.50,82.75,4.86,36.00,11,124.00,7.28,4.34,139,1
2025,BJ Adams,CB,UCF,Big 12,73.75,182,8.63,31.33,76.50,4.43,36.50,15,117.00,6.65,4.03,300,1
2025,Kyle Monangai,RB,Rutgers,Big Ten,68.25,211,9.00,38.63,72.00,4.60,34.50,11,115.70,7.58,4.97,233,1
2025,Jackson Slater,OG,Sacramento State,Big Sky,75.00,311,10.00,32.00,78.50,5.01,28.50,31,108.00,6.65,4.97,167,1
2025,Woody Marks,RB,USC,Big Ten,70.13,207,9.00,29.13,71.88,4.54,35.00,18,124.00,7.68,4.24,116,1
2025,Jack Nelson,OT,Wisconsin,Big Ten,79.00,314,10.00,33.50,81.38,5.27,36.57,33,138.00,8.19,4.97,218,0
2025,Kaimon Rucker,EDGE,North Carolina,ACC,73.00,254,10.00,32.50,79.88,5.45,24.50,27,93.00,8.19,4.68,300,1
2025,Kobe King,LB,Penn State,Big Ten,72.63,236,9.50,31.25,78.63,4.35,41.58,33,110.00,7.43,4.97,201,0
2025,Jaylen Reed,S,Penn State,Big Ten,71.63,211,9.00,30.38,74.25,4.49,33.50,19,125.00,6.81,4.03,187,1
2025,Ricky White III,WR,UNLV,Mountain West,73.13,184,9.25,31.63,76.00,4.61,36.00,11,123.00,6.66,4.66,238,1
2025,Rylie Mills,DL,Notre Dame,FBS Independent,77.38,291,9.75,32.50,79.75,4.46,28.47,33,93.00,8.19,4.03,142,0
2025,Tahj Brooks,RB,Texas Tech,Big 12,69.25,214,9.13,30.38,75.63,4.52,35.00,16,120.00,6.90,4.06,193,1
2025,Jermari Harris,CB,Iowa,Big Ten,72.50,191,9.63,31.38,76.00,4.28,39.18,16,120.00,6.65,4.03,300,1
2025,Jordan James,RB,Oregon,Big Ten,69.50,205,9.50,29.63,73.75,4.55,37.18,33,115.60,7.03,4.03,147,1
2025,Tonka Hemingway,DL,South Carolina,SEC,74.88,284,9.00,33.00,80.75,5.45,32.00,33,112.00,7.36,4.48,135,1
2025,Seth Henigan,QB,Memphis,AAC,75.00,215,9.00,32.00,76.75,4.76,31.50,22,114.00,7.34,4.44,300,1
2025,Cam Jackson,DL,Florida,SEC,78.25,328,9.50,34.13,81.88,5.17,24.50,11,93.00,6.65,4.03,140,1
2025,Yahya Black,DL,Iowa,Big Ten,77.75,336,10.25,35.00,83.88,5.39,25.50,11,101.00,7.63,4.72,164,1
2025,Caleb Rogers,OG,Texas Tech,Big 12,76.63,312,9.63,32.38,79.00,5.10,34.00,33,111.00,7.43,4.49,98,1
2025,Hunter Wohler,S,Wisconsin,Big Ten,74.00,213,9.25,30.50,75.38,4.57,37.00,11,120.00,6.72,4.25,232,1
2025,Tommi Hill,CB,Nebraska,Big Ten,72.50,213,9.00,32.75,79.50,4.38,30.44,11,116.60,8.12,4.97,300,0
2025,Jay Higgins,LB,Iowa,Big Ten,71.75,224,9.50,31.00,75.00,4.82,33.00,33,110.00,7.01,4.35,300,1
2025,John Williams,OT,Cincinnati,Big 12,76.13,322,11.00,33.75,81.50,5.17,43.00,29,89.80,7.93,4.72,250,1
2025,Joshua Gray,OG,Oregon State,Pac-12,77.13,299,9.50,31.38,78.63,5.04,31.00,11,104.00,6.65,4.97,300,1
2025,Luke Kandra,OG,Cincinnati,Big 12,76.75,319,10.00,31.75,80.50,5.45,34.01,33,104.90,8.19,4.97,300,1
2025,Alijah Huzzie,CB,North Carolina,ACC,69.75,193,8.50,29.50,72.63,4.28,34.91,28,112.60,6.65,4.03,300,0
2025,Fadil Diggs,EDGE,Syracruse,ACC,76.38,257,10.38,33.38,79.13,4.57,30.50,24,121.00,8.19,4.03,254,1
2025,Justin Walley,CB,Minnesota,Big Ten,70.13,190,10.00,30.63,74.88,4.40,33.33,11,122.90,6.65,4.97,80,1
2025,Howard Cross III,DL,Notre Dame,FBS Independent,73.38,285,10.50,32.25,78.63,5.45,29.00,11,104.00,8.19,4.03,300,1
2025,Jalen Travis,OT,Iowa State,Big 12,79.75,339,10.50,34.75,83.50,5.14,35.00,26,112.00,6.65,4.03,127,1
2025,Kaden Prather,WR,Maryland,Big Ten,75.50,204,9.25,31.75,77.63,4.46,30.00,23,114.00,7.02,4.03,240,1
2025,Jimmy Horn Jr.,WR,Colorado,Big 12,68.13,174,8.63,30.38,74.50,4.46,38.00,27,128.00,6.65,4.41,208,1
2025,Jackson Hawes,TE,Georgia Tech,ACC,76.50,253,9.13,32.13,79.00,4.82,34.50,16,121.00,6.65,4.40,173,1
2025,Francisco Mauigoa,LB,Miami,ACC,73.50,233,10.25,31.63,77.38,4.60,35.00,33,121.00,7.15,4.24,162,1
2025,Craig Woodson,S,California,ACC,72.13,200,8.63,30.50,75.25,4.45,36.00,13,127.00,6.65,4.97,106,1
2025,Nick Nash,WR,San Jose St.,Mountain West,74.50,203,8.63,31.00,76.50,4.57,34.00,16,123.00,7.41,4.47,300,1
2025,Jordan Hancock,CB,Ohio State,Big Ten,72.13,195,8.50,30.63,76.13,4.42,29.50,24,121.70,6.65,4.03,170,0
2025,Shemar James,LB,Florida,SEC,73.00,222,8.50,31.50,77.75,4.69,32.00,11,117.00,7.09,4.27,152,1
2025,Connor Colby,OG,Iowa,Big Ten,77.75,309,10.00,32.00,77.13,5.45,28.50,33,110.00,7.78,4.63,249,1
2025,Teddye Buchanan,LB,California,ACC,73.88,233,9.38,31.38,75.38,4.60,40.00,26,125.00,7.28,4.03,129,1
2025,Brandon Crenshaw-Dickson,OT,Florida,SEC,79.25,316,10.50,34.00,83.88,5.33,24.50,11,96.00,8.15,4.91,300,1
2025,O'Donnell Fortune,CB,South Carolina,SEC,72.75,185,9.25,31.50,76.88,4.57,27.12,17,117.00,6.65,4.97,300,1
2025,Mac McWilliams,CB,UCF,Big 12,70.25,191,8.38,29.75,72.63,4.41,43.00,15,123.20,6.90,4.03,145,1
2025,KeAndre Lambert-Smith,WR,Auburn,SEC,72.75,190,9.13,32.50,78.63,4.37,34.00,11,124.00,7.47,4.34,158,1
2025,Cody Lindenberg,LB,Minnesota,Big Ten,74.13,236,9.00,32.63,77.63,5.02,33.13,33,111.60,7.52,4.69,222,0
2025,Jaylin Lane,WR,Virginia Tech,ACC,69.75,191,9.75,31.68,77.25,4.34,40.00,14,132.00,6.75,4.12,128,1
2025,Robert Longerbeam,CB,Rutgers,Big Ten,71.00,175,8.50,31.50,76.50,4.39,33.87,11,134.00,6.65,4.03,212,1
2025,Phil Mafah,RB,Clemson,ACC,72.63,234,9.50,31.38,77.63,4.39,37.40,33,121.40,7.53,4.97,239,0
2025,Theo Wease Jr.,WR,Missouri,SEC,75.00,200,9.50,32.13,78.38,4.56,31.00,17,117.00,6.84,4.03,300,1
2025,Tim Smith,DL,Alabama,SEC,76.38,302,10.38,33.00,81.63,4.28,24.50,33,138.00,6.65,4.60,190,0
2025,Nazir Stackhouse,DL,Georgia,SEC,75.75,327,10.25,32.50,78.13,5.15,27.50,33,105.00,8.19,4.03,300,1
2025,Carson Vinson,OT,Alabama A&M,SWAC,79.13,314,10.25,34.50,84.38,5.12,28.50,11,111.00,7.51,4.97,141,1
2025,Luke Lachey,TE,Iowa,Big Ten,77.75,251,10.00,32.13,78.38,5.42,35.00,11,120.00,7.18,4.47,255,1
2025,Xavier Truss,OG,Georgia,SEC,79.13,309,10.50,33.00,82.88,5.24,26.00,11,103.00,8.19,4.03,300,1
2025,Corey Kiner,RB,Cinncinnati,Big 12,68.63,209,7.63,30.50,75.50,4.57,38.06,19,110.50,6.72,4.97,300,1
2025,Kitan Crawford,S,Nevada,Mountain West,70.63,202,9.50,31.00,75.25,4.41,41.50,18,128.00,6.65,4.14,225,1
2025,Hollin Pierce,OT,Rutgers,Big Ten,80.38,341,9.75,36.00,88.25,4.28,29.50,33,102.60,6.65,4.03,300,0
2025,Chimere Dike,WR,Florida,SEC,72.63,196,9.13,32.13,76.88,4.34,38.50,23,128.00,6.82,4.27,103,1
2025,Donovan Edwards,RB,Michigan,Big Ten,71.38,205,10.00,30.00,74.63,4.44,38.50,23,122.80,7.23,4.03,300,1
2025,Eugene Asante,LB,Auburn,SEC,72.63,223,8.25,30.25,73.50,4.48,34.13,21,121.80,6.65,4.03,300,1
2025,Isaac TeSlaa,WR,Arkansas,SEC,75.63,214,10.00,31.13,76.75,4.43,39.50,17,129.00,6.85,4.05,70,1
2025,Thomas Fidone II,TE,Nebraska,Big Ten,77.00,243,10.50,34.00,82.63,4.70,35.50,33,126.00,7.01,4.29,219,1
2025,Zeek Biggers,DL,Georgia Tech,ACC,77.50,321,10.25,34.75,85.13,5.14,34.50,11,111.00,6.65,4.03,253,1
2025,Collin Oliver,LB,Oklahoma State,Big 12,73.88,240,9.50,30.63,76.13,4.56,39.00,33,126.00,7.59,4.09,159,1
2025,Jake Majors,C,Texas,SEC,75.38,306,9.75,30.38,76.00,4.84,32.00,25,112.00,7.56,4.97,300,1
2025,Shaun Dolac,LB,Buffalo,MAC,72.00,223,7.99,31.09,74.75,4.55,35.50,25,121.00,6.94,4.21,300,1
2025,Marcus Yarns,RB,Delaware,CAA,70.88,193,9.13,31.13,76.38,4.45,37.50,11,122.00,6.72,4.52,300,1
2025,Kurtis Rourke,QB,Indiana,Big Ten,76.25,220,9.38,30.25,75.13,4.28,24.50,22,113.50,6.65,4.03,227,0
2025,Drew Kendall,C,Boston College,ACC,76.25,308,9.50,31.63,77.50,4.84,32.00,20,112.00,7.56,4.51,168,1
2025,CJ Dippre,TE,Alabama,SEC,76.88,256,9.50,33.25,79.75,4.69,34.50,32,120.00,6.65,4.03,300,1
2025,Dante Trader Jr.,S,Maryland,Big Ten,70.88,196,8.75,31.25,75.13,4.61,31.00,12,117.00,7.09,4.32,155,1
2025,Raheim Sanders,RB,South Carolina,SEC,72.00,217,9.25,31.50,76.25,4.46,36.50,33,117.10,7.28,4.03,300,1
2025,Ahmed Hassanein,EDGE,Boise State,Mountain West,74.38,267,9.00,32.25,78.75,4.77,32.50,27,113.00,6.65,4.03,196,1
2025,Eric Gregory,DL,Arkansas,SEC,75.25,319,9.50,33.00,81.25,5.14,27.00,28,108.00,7.68,4.97,300,1
2025,Arian Smith,WR,Georgia,SEC,72.13,179,9.00,31.25,77.00,4.36,38.00,20,127.00,6.82,4.19,110,1
2025,Efton Chism III,WR,Eastern Washington,Big Sky,70.13,195,9.44,31.45,73.38,4.71,34.50,16,118.00,6.77,4.06,300,1
2025,Antwane Wells Jr.,WR,Ole Miss,SEC,72.75,201,8.75,31.50,77.13,4.58,34.00,11,124.00,7.43,4.07,300,1
2025,Ja'Corey Brooks,WR,Louisville,ACC,74.00,184,9.00,31.63,76.75,4.73,31.70,11,125.00,7.00,4.35,300,0
2025,Jason Marshall Jr.,CB,Florida,SEC,72.38,194,9.25,30.25,75.63,4.49,34.86,11,125.00,6.65,4.03,150,1
2025,Isas Waxter,CB,Villanova,CAA,73.25,209,9.50,31.63,78.13,4.56,32.92,11,124.00,6.65,4.97,300,1
2025,Junior Tafuna,DL,Utah,Big 12,75.50,308,10.50,32.50,78.75,5.03,28.50,24,93.00,8.19,4.03,300,1
2025,Dont'e Thornton Jr.,WR,Tennessee,SEC,76.63,205,9.50,32.13,79.00,4.30,33.00,20,126.00,7.05,4.03,108,1
2025,Jared Harrison-Hunte,DL,Georgia,SEC,75.38,290,9.13,33.00,79.50,4.86,32.00,33,111.00,7.38,4.97,300,1
2025,Jabbar Muhammad,CB,Oregon,Big Ten,69.13,182,9.00,28.50,71.38,4.41,35.37,13,115.70,7.01,4.19,300,1
2025,Garrett Dellinger,OG,LSU,SEC,77.25,261,7.63,30.73,80.38,5.45,24.50,11,101.50,7.89,4.03,243,0
2025,Gavin Bartholomew,TE,Pittsburgh,ACC,76.63,246,9.75,31.38,78.38,4.70,24.50,33,115.50,8.19,4.97,202,1
2025,Brant Kuithe,TE,Utah,Big 12,74.00,236,10.50,31.50,76.75,5.45,43.00,11,113.30,8.19,4.03,300,0
2025,Cam Horsley,DL,Boston College,ACC,74.75,312,9.50,33.00,81.00,5.30,31.50,11,108.00,8.19,4.97,300,1
2025,Sam Brown Jr.,WR,Miami,ACC,74.25,200,9.38,31.50,77.88,4.44,41.50,14,127.00,6.65,4.77,300,1
2025,Eli Cox,OC,Kentucky,SEC,76.25,306,9.25,31.00,77.63,4.84,32.50,22,109.00,7.63,4.58,300,1
2025,Rayuan Lane III,S,Navy,AAC,70.88,200,9.63,30.25,74.63,4.57,37.00,15,124.00,7.10,4.28,200,1
2025,Marques Sigle,S,Kansas State,Big 12,71.38,199,9.25,30.63,74.00,4.37,38.00,18,130.00,7.14,4.75,160,1
2025,Ja'Quinden Jackson,RB,Arkansas,SEC,73.50,229,9.50,33.00,79.38,4.61,32.00,33,119.00,7.19,4.36,300,1
2025,Warren Brinson,DL,Georgia,SEC,77.25,315,10.38,33.50,80.88,5.09,31.00,33,115.00,7.23,4.03,198,1
2025,Bru McCoy,WR,Tennessee,SEC,74.50,209,10.00,32.13,78.50,4.33,42.99,14,123.60,6.65,4.03,300,0
2025,Jay Toia,DL,UCLA,Big Ten,74.00,345,10.00,32.50,76.38,4.28,24.50,33,138.00,8.19,4.97,217,0
2025,Jalin Conyers,TE,Texas Tech,Big 12,75.50,260,9.75,31.50,80.88,4.74,35.50,33,121.00,6.94,4.27,300,1
2025,Jalen McLeod,LB,Auburn,SEC,73.50,241,9.63,32.25,80.00,4.29,31.24,33,116.60,7.40,4.55,194,0
2025,Hayden Conner,OG,Texas,SEC,78.00,314,9.50,33.25,79.63,4.28,43.00,11,97.80,7.90,4.88,211,1
2025,Maxen Hook,S,Toledo,MAC,72.50,202,9.13,31.50,75.50,4.55,34.50,16,124.00,6.65,4.76,300,1
2025,Traeshon Holden,WR,Oregon,Big Ten,74.13,205,9.75,31.50,78.50,4.57,32.00,12,123.00,7.04,4.54,300,1
2025,Brady Cook,QB,Missouri,SEC,74.13,214,9.50,32.50,77.63,4.59,37.00,22,128.00,7.01,4.17,300,1
2025,R.J. Mickens,S,Clemson,ACC,72.00,199,8.75,32.25,77.63,4.49,41.50,21,121.00,7.23,4.92,214,1
2025,Da'Quan Felton,WR,Virginia Tech,ACC,76.25,213,9.00,32.25,79.13,4.50,32.50,18,122.00,7.10,4.30,300,1
2025,Torricelli Simpkins III,OG,South Carolina,SEC,76.63,312,10.13,32.38,82.13,5.45,29.00,11,110.00,6.65,4.97,300,1
2025,Dominic Lovett,WR,Georgia,SEC,70.00,185,9.25,31.38,75.63,4.40,33.50,11,120.00,6.90,4.03,244,1
2025,Graham Mertz,QB,Florida,SEC,75.38,212,9.63,31.25,76.50,4.28,43.00,22,93.00,7.41,4.97,197,0
2025,Malik Verdon,S,Iowa State,Big 12,75.63,218,9.50,32.50,78.38,4.75,40.28,15,138.00,6.65,4.03,300,0
2025,Konata Mumpfield,WR,Pittsburgh,ACC,71.38,186,8.50,29.38,74.38,4.59,36.00,19,124.00,7.37,4.03,242,1
2025,Tyreem Powell,LB,Rutgers,Big Ten,76.63,239,9.00,34.50,82.38,4.28,43.00,33,123.20,7.59,4.20,300,0
2025,Ethan Downs,EDGE,Oklahoma,SEC,75.75,269,10.50,31.00,77.00,4.69,34.00,32,119.00,7.58,4.59,300,1
2025,Alijah Clark,S,Syracruse,ACC,72.75,188,9.50,30.75,77.75,4.50,33.00,13,122.00,6.81,4.03,300,1
2025,Karene Reid,LB,Utah,Big 12,134.75,231,10.07,31.48,74.50,4.68,29.53,11,123.30,7.09,4.03,300,0
2025,Andrew Armstrong,WR,Arkansas,SEC,75.75,202,9.50,32.13,79.50,4.51,37.50,11,124.00,6.97,4.18,300,1
2025,Joshua Simon,TE,South Carolina,SEC,76.13,239,10.13,33.75,83.00,4.65,38.00,33,124.00,7.22,4.40,300,1
2025,Roc Taylor,WR,Memphis,AAC,73.88,213,9.00,32.25,78.25,4.49,30.50,14,122.00,6.85,4.14,300,1
2025,Jailin Walker,LB,Indiana,Big Ten,72.63,218,9.53,31.63,79.88,4.38,35.00,11,127.00,7.24,4.03,300,1
2025,Tommy Akingbesote,DL,Maryland,Big Ten,75.75,306,10.00,33.50,82.63,5.09,28.00,11,103.00,8.19,4.03,247,1
2025,Bam Martin-Scott,LB,South Carolina,SEC,73.75,231,8.63,32.00,79.38,4.63,33.50,11,122.00,7.26,4.53,300,1
2025,Bryson Nesbit,TE,North Carolina,ACC,77.00,238,9.50,31.63,77.38,4.88,32.50,11,112.00,6.65,4.03,300,1
2025,Jackson Woodard,LB,UNLV,Mountain West,74.00,234,9.00,31.00,77.63,4.57,37.41,21,114.50,7.37,4.08,300,1
2025,Josh Kelly,WR,Texas Tech,Big 12,72.63,186,10.50,30.75,76.63,4.70,33.00,14,121.00,7.02,4.97,300,1
2025,Jacolby George,WR,Miami,ACC,71.00,172,9.50,31.38,75.50,4.65,32.50,24,120.00,6.77,4.80,300,1
2025,Carson Bruener,LB,Washington,Big Ten,72.88,227,9.25,31.63,78.25,4.58,33.50,33,119.00,6.87,4.03,226,1
2025,Elijhah Badger,WR,Florida,SEC,73.38,200,9.50,32.38,78.63,4.43,35.50,14,115.80,6.71,4.35,300,1
2025,LaJohntay Wester,WR,Colorado,Big 12,69.63,163,8.50,29.63,72.63,4.46,32.00,13,121.00,6.65,4.67,203,1
2025,Jordan Watkins,WR,Ole Miss,SEC,71.25,196,9.13,29.38,72.50,4.37,36.50,14,119.00,6.65,4.36,138,1
2025,Isaiah Neyor,WR,Nebraska,Big Ten,76.25,218,9.50,34.38,82.63,4.40,38.00,21,133.00,6.70,4.41,300,1
2025,Branson Taylor,OT,Pittsburgh,ACC,78.00,321,9.63,32.63,81.75,4.61,42.22,11,93.40,8.19,4.03,199,0
2025,Marcus Tate,OG,Clemson,ACC,77.25,321,9.00,32.63,80.88,5.45,24.50,11,113.30,6.77,4.03,300,0
2025,Myles Hinton,OT,Michigan,Big Ten,78.75,323,10.25,34.13,82.75,5.45,31.50,11,93.00,8.19,4.96,191,1
2025,Marcus Harris,CB,California,ACC,70.75,189,8.75,29.63,75.00,4.45,37.75,11,122.30,6.65,4.97,183,1
2025,Ulysses Bentley IV,RB,Ole Miss,SEC,69.88,201,8.50,29.00,71.13,4.62,32.50,17,117.00,6.96,4.03,300,1
2025,Beaux Collins,WR,Notre Dame,FBS Independent,75.00,201,9.50,31.50,79.50,4.49,38.37,19,123.00,7.02,4.42,300,0
2025,Power Echols,LB,North Carolina,ACC,71.13,237,9.13,30.50,75.63,4.73,37.00,27,115.00,7.60,4.56,300,1
2025,Joe Huber,OG,Wisconsin,Big Ten,77.13,310,9.63,32.25,79.50,5.20,28.00,11,106.00,7.69,4.78,300,1
2025,Daniel Jackson,WR,Minnesota,Big Ten,70.75,193,9.00,30.63,74.75,4.76,37.82,12,130.00,6.78,4.07,230,1
2025,Montrell Johnson Jr.,RB,Florida,SEC,71.38,212,9.25,30.63,75.38,4.41,35.50,33,123.00,7.02,4.29,300,1
2025,Steve Linton,EDGE,Baylor,Big 12,75.75,242,9.00,34.25,81.25,5.45,32.50,21,124.00,6.65,4.97,300,1
2025,Jahvaree Ritzie,DL,North Carolina,ACC,76.25,294,10.25,33.25,81.13,4.28,35.50,26,114.00,8.19,4.03,300,1
2025,Payton Page,DL,Clemson,ACC,75.25,290,10.00,31.38,79.13,5.45,33.00,33,116.00,7.07,4.03,300,1
2025,Robbie Ouzts,TE,Alabama,SEC,75.00,274,9.63,31.25,78.25,4.91,34.00,26,119.00,7.34,4.45,175,1
2025,Moliki Matavao,TE,UCLA,Big Ten,77.63,260,9.50,32.50,78.88,4.81,32.50,11,114.00,6.65,4.97,248,1
2025,Kain Medrano,LB,UCLA,Big Ten,74.50,222,9.13,32.00,77.25,4.46,38.00,33,125.00,6.95,4.03,205,1
2025,Sean Martin,EDGE,West Virginia,Big 12,77.50,293,10.50,35.00,84.50,4.88,28.50,28,112.00,7.38,4.03,300,1
2025,DeAndre Jules,DL,South Carolina,SEC,75.63,316,8.63,34.25,83.00,5.45,24.50,33,93.00,6.65,4.97,300,0
2025,Que Robinson,EDGE,Alabama,SEC,76.25,243,9.50,33.50,80.13,5.05,43.00,23,138.00,8.19,4.97,134,0
2025,Elijah Simmons,DL,Tennessee,SEC,73.00,334,10.25,32.63,80.00,5.37,32.00,11,106.00,8.19,4.03,300,1
2026,Chris Adams,OT,Memphis,AAC,77.00,311,10.38,33.63,81.11,5.00,32.99,60,104.29,9.26,7.96,300,0
2026,Austin Barber,OT,Florida,SEC,78.88,318,9.63,33.13,73.46,5.12,32.00,25,111.00,16.59,4.86,86,1
2026,Markel Bell,OT,Miami (FL),ACC,81.25,346,9.00,36.38,87.13,5.36,32.09,33,100.29,17.20,5.42,68,1
2026,Jude Bowry,OT,Boston College,ACC,77.13,314,10.75,33.75,64.00,5.08,34.50,27,115.00,16.67,5.11,102,1
2026,Travis Burke,OT,Memphis,AAC,80.75,325,10.13,34.25,83.13,5.17,27.00,17,107.00,22.54,5.90,117,1
2026,Kage Casey,OT,Boise State,Mountain West,78.00,310,10.25,32.75,76.13,5.20,29.60,59,113.41,8.01,7.49,111,1
2026,Dametrious Crownover,OT,Texas A&M,SEC,79.25,319,10.00,35.38,70.13,5.14,29.69,37,121.42,12.39,4.16,196,1
2026,Enrique Cruz Jr.,OT,Kansas,Big 12,77.50,313,10.25,33.75,79.08,4.94,35.00,35,116.00,11.56,3.88,179,1
2026,J.C. Davis,OT,Illinois,Big Ten,76.38,322,10.13,34.25,83.50,5.16,30.50,51,99.00,9.87,5.24,192,1
2026,Fa'alili Fa'amoe,OT,Wake Forest,ACC,77.00,311,10.63,33.88,77.73,5.65,28.50,34,104.00,18.12,4.78,300,1
2026,Spencer Fano,OT,Utah,Big 12,77.50,311,9.00,32.13,80.25,4.91,32.00,26,111.00,7.34,4.67,9,1
2026,Monroe Freeling,OT,Georgia,SEC,79.38,315,10.75,34.75,84.50,4.93,33.50,36,115.00,6.83,5.65,19,1
2026,Alan Herron,OT,Maryland,Big Ten,77.25,308,9.13,33.13,77.87,5.09,32.00,37,110.90,8.20,5.09,300,1
2026,Max Iheanachor,OT,Arizona State,Big 12,77.88,321,9.00,33.88,83.25,4.91,30.50,25,115.00,14.08,6.88,21,1
2026,Caleb Lomu,OT,Utah,Big 12,78.25,313,9.50,33.38,82.75,4.99,32.50,45,113.00,10.14,5.82,28,1
2026,Francis Mauigoa,OT,Miami (FL),ACC,77.50,329,10.63,33.25,80.75,5.61,36.39,32,106.99,5.12,4.15,10,0
2026,Blake Miller,OT,Clemson,ACC,78.75,317,9.75,34.25,83.88,5.04,32.00,32,113.00,6.00,3.65,17,1
2026,Diego Pounds,OT,Ole Miss,SEC,78.00,325,9.75,33.75,85.86,5.15,30.00,59,112.00,7.90,4.46,300,1
2026,Kadyn Proctor,OT,Alabama,SEC,78.63,352,9.75,33.38,81.63,5.21,32.50,25,109.00,11.38,4.45,12,1
2026,Drew Shelton,OT,Penn State,Big Ten,77.00,313,9.63,33.38,66.83,5.16,31.00,38,112.00,7.40,5.19,112,1
2026,Caleb Tiernan,OT,Northwestern,Big Ten,80.00,323,9.00,32.25,72.40,4.44,35.50,24,111.00,12.85,5.29,97,1
2026,Keagen Trost,OT,Missouri,SEC,77.00,311,9.25,32.38,91.17,5.03,31.00,28,110.09,4.60,5.31,93,1
2026,Aamil Wagner,OT,Notre Dame,FBS Independent,77.88,306,10.25,34.50,87.07,5.01,29.50,21,108.00,10.03,4.07,300,1
2026,Carver Willis,OT,Washington,Big Ten,77.00,303,9.50,32.50,74.55,5.11,26.50,64,108.00,8.71,4.11,127,1
2026,Sonny Styles,LB,Ohio State,Big Ten,77.00,244,10.00,32.88,80.88,4.46,43.50,36,134.00,7.09,4.26,7,1
2026,Anthony Hill,LB,Texas,SEC,74.00,238,9.63,32.38,79.00,4.51,37.00,21,125.00,7.00,4.35,60,1
2026,Jake Golday,LB,Cincinnati,Big 12,76.50,239,9.50,31.88,76.88,4.62,39.00,63,125.00,7.02,4.34,51,1
2026,Josiah Trotter,LB,Missouri,SEC,74.00,237,10.25,32.25,88.47,4.59,37.71,27,130.94,6.87,4.58,46,1
2026,CJ Allen,LB,Georgia,SEC,72.75,230,10.13,31.50,75.50,4.42,47.61,33,142.88,7.17,4.51,53,0
2026,Kyle Louis,LB,Pittsburgh,ACC,72.00,220,9.50,31.25,67.79,4.53,39.50,23,129.00,6.97,4.26,138,1
2026,Jacob Rodriguez,LB,Texas Tech,Big 12,73.00,231,9.25,30.88,80.43,4.57,38.50,21,121.00,6.90,4.19,43,1
2026,Lander Barton,LB,Utah,Big 12,77.00,233,9.50,32.25,81.45,4.84,41.20,38,100.49,6.89,4.54,300,0
2026,Harold Perkins Jr.,LB,LSU,SEC,73.00,223,8.13,31.38,62.09,4.52,23.77,33,107.52,6.89,4.62,215,0
2026,Red Murdock,LB,Buffalo,MAC,74.00,232,10.38,31.00,99.48,4.51,59.27,25,185.89,7.44,4.11,257,0
2026,Keyshaun Elliott,LB,Arizona State,Big 12,74.00,231,9.25,31.25,82.24,4.58,38.00,21,125.00,7.22,4.11,166,1
2026,Deontae Lawson,LB,Alabama,SEC,75.00,226,9.25,31.88,70.42,4.70,43.73,31,119.56,6.53,4.62,300,0
2026,Bryce Boettcher,LB,Oregon,Big Ten,73.00,233,9.00,30.63,78.74,4.44,36.11,34,130.57,6.50,4.24,135,0
2026,Taurean York,LB,Texas A&M,SEC,71.00,226,8.38,30.00,81.13,4.52,42.74,25,137.23,7.32,4.48,300,1
2026,Jimmy Rolder,LB,Michigan,Big Ten,74.50,238,9.63,30.50,77.26,4.73,36.00,36,119.00,7.00,4.26,118,1
2026,Aiden Fisher,LB,Indiana,Big Ten,73.00,232,9.50,31.13,80.55,4.36,43.56,43,152.93,6.63,3.67,243,0
2026,Wade Woodaz,LB,Clemson,ACC,75.00,236,10.00,32.63,82.65,4.20,30.70,18,98.73,7.20,4.22,123,0
2026,Jack Kelly,LB,BYU,Big 12,74.00,240,9.13,31.13,79.23,4.57,37.00,26,125.00,7.12,4.19,193,1
2026,Kaleb Elarms-Orr,LB,TCU,Big 12,74.00,234,9.00,31.50,95.55,4.47,40.00,28,124.00,6.86,4.41,126,1
2026,Scooby Williams,LB,Texas A&M,SEC,74.00,231,9.25,32.00,69.90,4.69,29.82,29,105.20,6.73,4.73,300,0
2026,Justin Jefferson,LB,Alabama,SEC,72.00,223,10.00,31.63,70.59,4.57,38.50,46,125.00,7.50,4.20,149,1
2026,Xavian Sorey,LB,Arkansas,SEC,74.00,228,9.63,31.63,80.15,4.63,37.50,44,120.00,7.00,4.42,300,1
2026,Namdi Obiazor,LB,TCU,Big 12,75.00,229,10.50,30.63,72.53,4.53,37.00,33,119.00,7.24,4.36,212,1
2026,Owen Heinecke,LB,Oklahoma,SEC,73.50,227,9.63,30.13,78.07,4.62,34.50,43,119.00,7.15,4.37,300,1
2026,Kendal Daniels,LB,Oklahoma,SEC,77.00,242,9.50,32.63,78.99,4.86,50.13,14,113.28,6.94,3.74,134,0
2026,Eric Gentry,LB,USC,Big Ten,79.00,221,10.50,35.00,80.21,4.66,35.44,32,134.49,6.82,4.48,300,0
2026,Karson Sharar,LB,Iowa,Big Ten,73.63,231,10.13,31.13,76.75,4.56,40.00,26,123.00,6.94,4.62,183,1
2026,Wesley Bissainthe,LB,Miami,ACC,74.00,225,9.63,31.88,70.69,4.74,32.69,36,131.06,7.32,4.69,300,0
2026,Rueben Bain Jr.,EDGE,Miami,ACC,74.25,263,9.13,30.88,77.38,4.83,43.39,48,107.86,6.99,4.43,15,0
2026,Arvell Reese,EDGE,Ohio State,Big Ten,76.13,241,9.50,32.50,79.50,4.46,53.09,43,142.14,6.93,4.43,5,1
2026,David Bailey,EDGE,Texas Tech,Big 12,75.50,251,10.25,33.63,79.63,4.50,35.00,65,129.00,6.90,4.43,2,1
2026,Cashius Howell,EDGE,Texas A&M,SEC,74.50,253,9.25,30.25,74.25,4.59,32.50,60,115.00,6.73,4.43,41,1
2026,Akheem Mesidor,EDGE,Miami,ACC,75.00,259,10.00,32.13,78.63,5.14,51.31,34,127.48,6.85,4.43,22,0
2026,R Mason Thomas,EDGE,Oklahoma,SEC,74.25,241,8.88,31.63,78.13,4.67,47.57,44,141.09,7.31,4.43,40,1
2026,T.J. Parker,EDGE,Clemson,ACC,75.50,263,9.50,33.13,79.00,4.68,34.00,74,120.00,6.85,4.43,35,1
2026,Anthony Lucas,EDGE,USC,Big Ten,77.50,256,10.25,33.38,76.85,4.73,28.90,28,128.28,6.83,4.43,300,0
2026,Malachi Lawrence,EDGE,UCF,Big 12,76.00,253,9.25,33.63,79.07,4.52,40.00,43,130.00,7.16,4.43,23,1
2026,Gabe Jacas,EDGE,Illinois,Big Ten,76.00,260,10.00,33.00,76.48,4.86,29.86,30,113.22,6.87,4.43,55,1
2026,Joshua Josephs,EDGE,Tennessee,SEC,75.00,242,10.00,34.25,79.69,4.48,42.94,29,118.30,6.75,4.43,147,0
2026,Zion Young,EDGE,Missouri,SEC,78.00,262,9.50,33.00,75.48,5.35,22.25,46,124.68,6.74,4.43,45,0
2026,Romello Height,EDGE,Texas Tech,Big 12,75.00,239,9.50,32.25,77.76,4.64,39.00,48,125.00,6.97,4.43,70,1
2026,Keyron Crawford,EDGE,Auburn,SEC,76.00,253,9.00,32.00,75.57,4.53,30.01,54,120.02,6.86,4.43,67,0
2026,Derrick Moore,EDGE,Michigan,Big Ten,76.00,255,9.13,33.38,75.79,4.38,36.92,51,131.61,7.05,4.43,44,0
2026,Dani Dennis-Sutton,EDGE,Penn State,Big Ten,76.00,256,10.13,33.38,81.65,4.63,39.50,25,131.00,6.90,4.43,120,1
2026,Nadame Tucker,EDGE,Western Michigan,MAC,74.00,247,9.00,31.38,79.07,4.73,33.50,44,119.00,7.29,4.43,300,1
2026,Tyreak Sapp,EDGE,Florida,SEC,74.00,273,9.50,32.00,80.95,4.83,36.71,28,108.74,6.85,4.43,300,1
2026,Wesley Williams,EDGE,Duke,ACC,76.00,256,9.50,31.88,77.17,4.89,35.50,34,120.00,6.81,4.43,119,1
2026,Caden Curry,EDGE,Ohio State,Big Ten,75.00,257,9.38,30.13,78.95,4.72,28.52,34,117.89,7.05,4.43,214,0
2026,Quintayvious Hutchins,EDGE,Boston College,ACC,75.00,233,9.50,32.63,75.54,4.74,37.00,59,113.90,7.14,4.43,247,1
2026,Trey Moore,EDGE,Texas,SEC,74.00,243,10.50,31.63,76.81,4.54,38.50,46,120.00,6.86,4.43,130,1
2026,Vincent Anthony Jr.,EDGE,Duke,ACC,78.00,258,10.00,34.13,79.26,4.84,32.50,40,123.00,6.84,4.43,300,1
2026,Logan Fano,EDGE,Utah,Big 12,77.00,257,9.38,31.38,80.55,4.78,34.88,38,119.39,7.10,4.43,300,0
2026,Max Llewellyn,EDGE,Iowa,Big Ten,78.00,258,9.00,32.25,76.37,4.81,32.50,53,115.00,6.99,4.43,238,1
2026,George Gumbs Jr.,EDGE,Florida,SEC,76.00,245,9.00,33.63,78.02,4.66,41.00,32,121.00,7.00,4.43,156,1
2026,Patrick Payton,EDGE,LSU,SEC,77.00,260,10.00,33.38,76.13,4.71,27.83,82,143.07,7.09,4.43,300,0
2026,Aidan Hubbard,EDGE,Northwestern,Big Ten,76.63,260,9.13,32.00,79.78,4.85,43.48,21,111.68,7.20,4.43,300,1
2026,Jack Pyburn,EDGE,LSU,SEC,76.00,258,10.00,30.88,79.77,4.79,34.97,18,116.12,6.87,4.43,300,0
2026,Marvin Jones Jr.,EDGE,Oklahoma,SEC,77.00,245,9.25,33.13,76.97,4.69,46.88,60,131.17,6.93,4.43,300,1
2026,Nyjalik Kelly,EDGE,UCF,Big 12,77.00,256,10.38,35.13,79.46,4.88,37.00,37,119.00,6.94,4.43,300,1
2026,Mason Reiger,EDGE,Wisconsin,Big Ten,77.00,251,10.38,32.63,79.03,4.78,40.00,35,125.00,7.05,4.43,300,1
2026,Peter Woods,DL,Clemson,ACC,74.50,298,9.13,31.25,76.63,4.94,44.79,38,112.11,11.37,4.88,29,0
2026,Lee Hunter,DL,Texas Tech,Big 12,75.50,318,9.25,33.25,80.63,5.18,21.50,26,100.00,5.25,4.90,49,1
2026,Kayden McDonald,DL,Ohio State,Big Ten,74.13,326,9.63,32.25,78.13,5.06,41.26,33,100.03,9.66,5.80,36,0
2026,Keldric Faulk,DL,Auburn,SEC,77.88,276,9.75,34.38,82.25,4.61,35.00,34,117.00,8.10,5.04,31,1
2026,Christen Miller,DL,Georgia,SEC,75.75,321,10.00,33.00,80.13,4.58,29.19,27,119.62,12.76,4.41,42,0
2026,Caleb Banks,DL,Florida,SEC,78.25,327,10.88,35.00,85.75,5.05,32.00,28,114.00,8.24,5.34,18,1
2026,Jaishawn Barham,DL,Michigan,Big Ten,75.50,240,10.25,34.13,79.82,4.64,33.00,36,123.00,12.78,4.32,92,1
2026,Chris McClellan,DL,Missouri,SEC,76.00,313,11.00,34.00,77.51,5.05,29.50,25,108.00,7.48,6.04,77,1
2026,Rayshaun Benny,DL,Michigan,Big Ten,75.00,298,9.25,33.38,79.71,5.32,34.48,32,113.77,11.54,4.93,250,0
2026,Domonique Orange,DL,Iowa State,Big 12,74.00,322,10.25,33.38,79.24,4.70,28.77,33,91.28,12.57,5.00,82,0
2026,Dontae Corleone,DL,Cincinnati,Big 12,72.63,340,9.50,31.88,85.88,5.59,40.52,28,112.51,9.58,6.28,300,0
2026,Nick Barrett,DL,South Carolina,SEC,75.00,312,10.00,33.38,83.69,5.10,31.50,26,108.00,8.17,4.91,145,1
2026,Darrell Jackson Jr.,DL,Florida State,ACC,77.63,315,11.00,34.75,80.86,5.08,30.41,30,105.65,9.47,5.07,103,0
2026,LT Overton,DL,Alabama,SEC,75.00,274,10.63,33.25,80.09,4.87,35.64,29,118.58,8.44,4.95,137,1
2026,Kaleb Proctor,DL,Southeastern Louisiana,Southland,74.00,291,9.50,33.00,79.00,4.79,33.00,31,113.00,8.55,4.71,104,1
2026,Tim Keenan,DL,Alabama,SEC,73.00,327,8.63,30.50,81.08,5.31,30.00,21,100.00,8.33,5.15,232,1
2026,Zxavian Harris,DL,Ole Miss,SEC,80.00,330,10.00,34.63,79.75,5.69,30.27,19,111.02,8.55,7.51,300,0
2026,Skyler Gill-Howard,DL,Texas Tech,Big 12,73.00,280,9.25,30.63,80.85,4.71,31.11,27,94.70,7.62,5.22,205,1
2026,Gracen Halton,DL,Oklahoma,SEC,74.63,293,10.00,31.13,77.75,4.82,36.50,31,114.00,8.09,4.79,107,1
2026,DeMonte Capehart,DL,Clemson,ACC,77.00,313,10.25,33.88,81.96,4.85,33.50,32,107.00,5.26,5.87,155,1
2026,Albert Regis,DL,Texas A&M,SEC,73.00,295,9.63,31.63,81.06,4.88,34.00,31,116.00,7.77,4.85,81,1
2026,Tyler Onyedim,DL,Texas A&M,SEC,75.50,292,10.13,34.13,76.00,4.87,32.00,40,111.00,10.77,5.53,66,1
2026,Bryson Eason,DL,Tennessee,SEC,74.00,323,10.00,33.13,81.39,5.09,30.50,41,112.00,8.26,5.00,300,1
2026,David Gusta,DL,Kentucky,SEC,74.00,308,10.00,31.13,79.37,5.12,25.24,30,109.04,8.13,5.55,300,1
2026,Brandon Cleveland,DL,NC State,ACC,75.00,307,9.25,32.38,78.55,4.88,32.00,37,100.17,11.83,5.17,229,1
2026,Zane Durant,DL,Penn State,Big Ten,73.00,290,10.63,31.88,82.50,4.75,33.50,27,112.00,11.14,5.19,181,1
2026,Damonic Williams,DL,Oklahoma,SEC,74.00,305,10.00,33.13,81.28,4.65,21.43,30,124.37,5.51,4.76,300,1
2026,Gary Smith III,DL,UCLA,Big Ten,73.00,319,9.63,32.63,82.44,4.89,28.00,27,107.52,10.36,5.15,300,1
2026,Cameron Ball,DL,Arkansas,SEC,76.00,310,9.50,33.00,83.60,5.13,32.00,32,109.00,8.02,4.76,300,1
2026,Bobby Jamison-Travis,DL,Auburn,SEC,75.00,328,9.63,34.25,78.31,5.28,28.45,30,102.94,10.49,5.75,186,0
2026,Deven Eastern,DL,Minnesota,Big Ten,77.00,315,10.00,34.00,82.08,4.80,27.50,27,112.00,8.07,3.29,242,1
2026,Jackie Marshall,DL,Baylor,Big 12,74.50,293,9.50,32.00,82.85,4.88,35.56,29,113.31,11.61,4.68,184,1
2026,Caleb Downs,SAF,Ohio State,Big Ten,71.63,206,9.50,30.25,73.25,4.36,36.68,18,121.76,7.30,4.77,11,0
2026,Emmanuel McNeil-Warren,SAF,Toledo,MAC,75.50,201,9.25,32.13,78.25,4.52,35.50,28,122.00,7.30,5.01,58,1
2026,Dillon Thieneman,SAF,Oregon,Big Ten,72.13,201,9.00,31.38,78.13,4.35,41.00,18,125.00,7.30,3.20,25,1
2026,Genesis Smith,SAF,Arizona,Big 12,74.13,202,8.88,32.50,79.25,4.34,42.50,29,128.00,7.30,4.18,131,1
2026,A.J. Haulcy,SAF,LSU,SEC,72.00,215,9.25,30.88,72.41,4.52,30.80,19,123.07,7.30,5.84,78,1
2026,Treydan Stukes,SAF,Arizona,Big 12,73.00,190,8.50,31.75,73.42,4.33,38.00,15,130.00,7.30,3.86,38,1
2026,Zakee Wheatley,SAF,Penn State,Big Ten,75.00,203,9.50,31.00,82.75,4.31,32.50,14,122.00,7.30,2.81,151,1
2026,Kamari Ramsey,SAF,USC,Big Ten,72.00,202,9.25,30.63,85.19,4.47,36.00,16,120.00,7.30,2.97,141,1
2026,Robert Spears-Jennings,SAF,Oklahoma,SEC,74.00,205,10.38,32.50,74.37,4.32,35.00,39,125.00,7.30,4.43,224,1
2026,Bud Clark,SAF,TCU,Big 12,72.00,188,9.00,31.50,75.14,4.41,38.00,46,127.00,7.30,4.37,64,1
2026,Bishop Fitzgerald,SAF,USC,Big Ten,71.00,201,9.50,31.25,69.46,4.55,33.00,12,125.91,7.30,4.12,300,1
2026,VJ Payne,SAF,Kansas State,Big 12,75.00,206,9.50,33.75,79.77,4.40,35.00,24,127.00,7.30,3.96,228,1
2026,Michael Taaffe,SAF,Texas,SEC,72.00,190,9.38,29.25,89.13,4.50,39.99,23,128.65,7.30,4.09,158,1
2026,Louis Moore,SAF,Indiana,Big Ten,71.00,191,9.88,29.50,75.79,4.64,36.79,31,113.76,7.30,5.24,300,0
2026,Lorenzo Styles,SAF,Ohio State,Big Ten,72.50,194,9.50,31.63,70.20,4.27,39.00,18,124.04,7.30,5.05,172,1
2026,Jakobe Thomas,SAF,Miami,ACC,73.25,211,10.63,31.88,76.00,4.49,36.21,21,124.03,7.30,4.07,98,0
2026,Jalon Kilgore,SAF,South Carolina,SEC,73.00,210,9.38,32.88,73.57,4.40,37.00,16,130.00,7.30,4.32,167,1
2026,Xavier Nwankpa,SAF,Iowa,Big Ten,74.25,208,8.25,30.75,72.88,4.48,37.50,33,131.13,7.30,4.15,300,1
2026,DeShon Singleton,SAF,Nebraska,Big Ten,75.00,205,10.00,32.88,77.65,4.57,39.50,26,130.00,7.30,4.15,300,1
2026,Jalen Huskey,SAF,Maryland,Big Ten,73.00,196,10.25,30.88,81.30,4.43,35.09,27,123.13,7.30,3.33,100,0
2026,Ahmaad Moses,SAF,SMU,ACC,69.00,196,9.13,30.25,76.64,4.42,38.00,33,124.90,7.30,4.15,300,1
2026,Dalton Johnson,SAF,Arizona,Big 12,71.00,192,9.13,30.88,74.35,4.41,36.00,35,119.00,7.30,4.13,150,1
2026,Kenyon Sadiq,TE,Oregon,Big Ten,75.13,241,10.00,31.50,78.25,4.39,43.50,26,133.00,7.21,4.81,16,1
2026,Michael Trigg,TE,Baylor,Big 12,75.75,240,10.50,34.25,84.38,4.45,26.14,30,114.27,7.11,4.86,300,0
2026,Eli Stowers,TE,Vanderbilt,SEC,75.75,239,9.63,32.63,79.75,4.51,45.50,21,135.00,6.94,3.76,54,1
2026,Nate Boerkircher,TE,Texas A&M,SEC,77.50,245,10.50,32.63,68.98,4.59,23.90,27,131.88,7.71,4.40,56,1
2026,Max Klare,TE,Ohio State,Big Ten,76.38,246,9.13,32.13,77.88,4.82,38.94,23,112.40,7.87,3.92,61,0
2026,Josh Cuevas,TE,Alabama,SEC,75.38,245,9.63,30.63,73.97,4.65,34.00,23,111.00,7.37,4.38,173,1
2026,Jack Endries,TE,Texas,SEC,76.63,245,9.63,31.13,98.57,4.62,36.00,16,119.00,7.37,5.34,221,1
2026,Eli Raridon,TE,Notre Dame,FBS Independent,78.13,245,10.75,32.75,81.02,4.62,36.00,20,123.00,7.76,4.45,95,1
2026,Will Kacmarek,TE,Ohio State,Big Ten,77.50,261,9.63,32.25,67.32,4.74,36.00,35,119.00,7.07,4.55,87,1
2026,Oscar Delp,TE,Georgia,SEC,77.00,245,9.50,31.63,71.44,4.23,58.09,25,127.83,7.92,5.51,73,0
2026,Joe Royer,TE,Cincinnati,Big 12,77.00,247,10.75,31.50,72.02,5.28,24.18,21,109.93,7.14,6.07,170,0
2026,Dallen Bentley,TE,Utah,Big 12,76.13,253,9.25,33.13,85.43,4.62,35.00,24,118.00,7.19,4.42,256,1
2026,Marlin Klein,TE,Michigan,Big Ten,78.00,248,9.25,32.38,88.94,4.61,36.00,30,118.00,7.42,4.59,59,1
2026,Justin Joly,TE,NC State,ACC,75.50,241,10.50,32.25,88.97,4.84,32.16,28,130.54,6.95,6.38,152,0
2026,Sam Roush,TE,Stanford,ACC,78.00,267,10.00,30.63,76.38,4.70,38.50,25,126.00,7.08,4.37,69,1
2026,Dae'Quan Wright,TE,Ole Miss,SEC,76.00,246,9.25,32.25,106.55,4.33,40.64,28,117.09,7.23,4.06,300,0
2026,Tanner Koziol,TE,Houston,Big 12,78.50,247,9.63,33.75,83.05,4.70,36.50,23,122.00,7.57,4.16,164,1
2026,John Michael Gyllenborg,TE,Wyoming,Mountain West,77.75,249,10.00,31.00,80.49,4.60,35.50,19,128.00,7.25,4.22,300,1
2026,Miles Kitselman,TE,Tennessee,SEC,77.13,251,9.88,31.88,64.59,4.90,34.50,25,116.00,7.76,4.19,300,1
2026,Bauer Sharp,TE,LSU,SEC,76.63,249,9.63,31.75,87.46,4.63,44.67,20,120.00,7.10,5.41,185,1
2026,Matthew Hibner,TE,SMU,ACC,76.25,251,9.38,32.38,73.37,4.57,37.00,28,116.00,7.22,6.90,133,1
2026,DJ Rogers,TE,TCU,Big 12,76.00,258,9.50,33.63,86.30,4.55,21.46,17,112.08,7.40,3.96,300,0
2026,Lake McRee,TE,USC,Big Ten,76.00,243,9.25,31.50,81.24,4.64,34.42,22,101.85,7.06,4.07,300,1
2026,Riley Nowakowski,TE,Indiana,Big Ten,74.25,250,8.75,31.50,81.24,4.66,33.50,30,119.00,7.34,4.30,169,1
2026,RJ Maryland,TE,SMU,ACC,76.13,236,9.00,32.25,88.20,4.51,33.00,22,122.00,7.36,4.49,300,1
2026,Jaren Kanak,TE,Oklahoma,SEC,74.00,234,9.38,30.50,74.59,4.52,36.00,24,119.00,7.43,5.00,225,1
2026,Khalil Dinkins,TE,Penn State,Big Ten,76.25,251,9.50,33.25,66.77,4.72,32.50,25,119.00,7.28,4.33,300,1
2026,Fernando Mendoza,QB,Indiana,Big Ten,76.75,236,9.50,31.88,76.75,10.62,55.53,13,154.49,7.98,6.49,1,1
2026,Ty Simpson,QB,Alabama,SEC,73.13,211,9.38,30.88,76.50,10.82,64.95,12,156.60,9.01,4.04,13,1
2026,Cole Payton,QB,North Dakota State,MVFC,74.63,232,10.25,31.63,73.64,4.56,40.00,17,130.00,7.12,4.36,178,1
2026,Garrett Nussmeier,QB,LSU,SEC,74.00,203,9.13,30.38,77.62,7.34,48.63,10,116.28,7.34,4.45,249,1
2026,Cade Klubnik,QB,Clemson,ACC,74.00,207,9.25,31.13,77.75,9.10,44.48,9,153.16,13.38,5.53,110,1
2026,Drew Allar,QB,Penn State,Big Ten,77.25,228,9.88,32.75,79.63,8.27,55.19,16,188.24,6.75,6.72,76,1
2026,Carson Beck,QB,Miami (FL),ACC,76.75,233,10.00,30.63,75.00,4.55,68.29,14,147.56,9.47,6.22,65,1
2026,Behren Morton,QB,Texas Tech,Big 12,74.00,221,9.50,30.63,81.58,4.36,34.51,11,118.77,7.08,6.50,234,1
2026,Sawyer Robertson,QB,Baylor,Big 12,75.75,216,9.38,32.13,67.75,4.65,37.50,15,123.00,7.45,4.46,300,1
2026,Luke Altmyer,QB,Illinois,Big Ten,73.75,210,9.00,29.88,78.04,4.72,32.00,12,114.00,9.31,4.35,300,1
2026,Taylen Green,QB,Arkansas,SEC,77.88,227,9.88,34.75,79.41,4.36,43.50,18,134.00,6.10,5.42,182,1
2026,Jalon Daniels,QB,Kansas,Big 12,72.63,219,9.63,30.38,67.58,4.65,54.01,9,143.07,9.69,5.74,300,1
2026,Diego Pavia,QB,Vanderbilt,SEC,70.00,207,9.63,28.63,76.46,5.92,38.14,8,123.73,6.87,3.86,300,1
2026,Haynes King,QB,Georgia Tech,ACC,74.38,212,9.00,31.88,86.54,4.46,33.50,11,116.00,6.89,4.17,300,1
2026,Joe Fagnano,QB,UConn,FBS Independent,75.25,226,9.25,31.38,80.14,4.83,35.00,17,118.00,6.17,4.35,300,1
2026,Joey Aguilar,QB,Tennessee,SEC,75.00,229,9.63,31.75,73.29,3.94,56.70,14,171.41,9.73,5.99,300,1
2026,Jermod McCoy,CB,Tennessee,SEC,72.75,188,9.00,31.25,77.00,4.32,43.46,14,139.71,7.10,4.19,101,1
2026,Avieon Terrell,CB,Clemson,ACC,70.75,186,8.63,31.00,75.50,4.43,34.00,17,123.00,7.24,4.40,48,1
2026,Mansoor Delane,CB,LSU,SEC,71.75,187,8.88,30.00,74.50,4.26,37.80,14,111.72,7.50,4.63,6,0
2026,Colton Hood,CB,Tennessee,SEC,71.63,193,9.00,31.38,74.88,4.44,40.50,14,125.00,7.26,4.50,37,1
2026,Keith Abney,CB,Arizona State,Big 12,70.00,187,9.63,30.00,82.89,4.42,39.40,15,127.00,6.56,3.94,157,1
2026,Chris Johnson,CB,San Diego State,Mountain West,72.00,193,9.88,30.63,68.52,4.40,38.00,17,126.00,7.07,4.15,27,1
2026,D'Angelo Ponds,CB,Indiana,Big Ten,68.63,182,9.63,29.38,72.25,4.45,43.50,16,144.65,7.86,4.12,50,1
2026,Keionte Scott,CB,Miami (FL),ACC,71.25,193,9.63,31.38,76.63,4.54,38.81,16,148.63,7.57,4.68,116,0
2026,Brandon Cisse,CB,South Carolina,SEC,71.75,189,8.63,30.63,75.88,4.36,41.00,16,131.00,6.96,3.91,52,1
2026,Devin Moore,CB,Florida,SEC,75.25,198,8.63,31.63,76.88,4.50,36.27,15,124.35,6.64,4.66,114,1
2026,Julian Neal,CB,Arkansas,SEC,74.00,203,9.75,32.63,81.72,4.49,40.00,16,134.00,7.13,4.20,99,1
2026,Will Lee III,CB,Texas A&M,SEC,73.50,189,9.00,32.63,78.67,4.52,42.00,15,132.00,7.16,4.15,129,1
2026,Malik Muhammad,CB,Texas,SEC,72.00,182,9.88,32.38,87.05,4.42,39.00,13,137.07,7.27,4.27,124,1
2026,Davison Igbinosun,CB,Ohio State,Big Ten,74.00,189,9.13,32.88,82.65,4.45,34.00,15,120.00,7.25,3.63,62,1
2026,Daylen Everette,CB,Georgia,SEC,73.00,196,9.63,31.88,79.59,4.38,37.50,15,124.00,6.69,3.87,85,1
2026,Chandler Rivers,CB,Duke,ACC,69.50,185,9.75,29.38,62.50,4.40,39.00,14,130.00,7.36,4.46,162,1
2026,Hezekiah Masses,CB,California,ACC,73.00,179,8.25,31.13,75.38,4.46,31.50,16,119.00,7.07,4.43,175,1
2026,TJ Hall,CB,Iowa,Big Ten,73.00,189,9.50,30.00,71.68,4.59,36.00,15,122.12,7.19,4.19,219,1
2026,Domani Jackson,CB,Alabama,SEC,73.00,194,9.13,31.13,73.22,4.41,36.83,15,121.18,7.03,4.36,201,1
2026,Tacario Davis,CB,Washington,Big Ten,75.88,194,9.25,33.38,80.88,4.41,37.00,16,123.00,7.27,3.63,72,1
2026,Thaddeus Dixon,CB,North Carolina,ACC,73.00,195,10.00,31.13,80.90,4.19,39.50,15,125.00,7.11,4.89,300,1
2026,Ephesians Prysock,CB,Washington,Big Ten,75.38,196,9.63,33.13,80.50,4.45,39.00,15,124.00,7.37,4.43,139,1
2026,Charles Demmings,CB,Stephen F. Austin,Southland,73.00,193,10.13,32.00,84.61,4.41,42.00,14,132.00,7.50,4.43,163,1
2026,Jaylon Guilbeau,CB,Texas,SEC,71.00,190,9.25,30.13,77.65,4.43,38.15,14,144.87,6.35,4.02,300,0
2026,Andre Fuller,CB,Toledo,MAC,73.00,200,9.38,30.63,76.34,4.49,35.00,15,129.00,6.99,4.28,236,1
2026,Jadon Canady,CB,Oregon,Big Ten,70.50,181,9.25,30.00,66.92,4.53,35.84,16,143.71,7.02,4.23,109,0
2026,Collin Wright,CB,Stanford,ACC,72.00,188,8.75,30.63,79.32,4.54,39.00,16,128.16,7.69,4.25,300,1
2026,Toriano Pride Jr.,CB,Missouri,SEC,70.00,185,9.25,31.00,79.75,4.32,37.50,13,128.00,7.20,4.21,220,1
2026,Ahmari Harvey,CB,Georgia Tech,ACC,70.00,185,9.38,30.38,74.59,4.34,39.27,15,137.75,6.97,4.05,300,1
2026,Latrell McCutchin,CB,Houston,Big 12,74.00,191,8.63,31.25,79.61,4.43,38.50,16,131.00,7.00,4.18,300,1
2026,Avery Smith,CB,Toledo,MAC,70.50,196,8.38,29.38,68.89,4.54,38.50,16,125.00,7.03,4.46,300,1
2026,Marcus Allen,CB,North Carolina,ACC,74.00,187,8.50,32.13,70.48,4.50,39.00,16,123.00,7.32,4.25,300,1
2026,Jeremiyah Love,RB,Notre Dame,FBS Independent,72.00,212,9.13,32.00,78.63,4.36,44.79,27,130.13,7.32,4.06,3,1
2026,Jadarian Price,RB,Notre Dame,FBS Independent,70.63,203,9.63,30.88,76.50,4.49,35.00,21,124.00,7.32,4.34,32,1
2026,Kaytron Allen,RB,Penn State,Big Ten,71.00,216,9.50,29.50,80.74,4.34,43.16,17,131.51,7.32,4.17,187,0
2026,Jonah Coleman,RB,Washington,Big Ten,68.00,220,9.13,28.88,81.01,4.49,28.19,22,119.96,7.32,4.81,108,1
2026,Demond Claiborne,RB,Wake Forest,ACC,69.75,188,9.00,30.13,63.95,4.37,35.31,23,122.00,7.32,4.31,198,1
2026,Emmett Johnson,RB,Nebraska,Big Ten,70.25,202,9.63,30.25,74.38,4.56,35.50,16,120.00,7.32,4.29,161,1
2026,Mike Washington,RB,Arkansas,SEC,73.00,223,9.25,33.63,82.00,4.33,39.00,22,128.00,7.32,4.69,122,1
2026,Seth McGowan,RB,Kentucky,SEC,72.25,223,8.75,31.38,80.65,4.49,42.50,27,131.00,7.32,4.50,237,1
2026,Robert Henry,RB,UTSA,AAC,69.25,196,9.13,30.13,74.00,4.52,37.00,21,124.00,7.32,4.31,300,1
2026,Nicholas Singleton,RB,Penn State,Big Ten,72.00,219,9.38,31.00,83.99,4.55,35.94,19,119.38,7.32,4.60,165,0
2026,Le'Veon Moss,RB,Texas A&M,SEC,71.00,203,9.50,31.00,77.55,4.52,48.81,29,156.53,7.32,4.42,300,0
2026,Jam Miller,RB,Alabama,SEC,70.25,209,8.75,30.38,79.42,4.42,30.50,23,115.00,7.32,4.30,245,1
2026,Desmond Reid,RB,Pittsburgh,ACC,66.00,174,8.25,28.13,64.49,4.52,35.51,13,120.37,7.32,4.34,300,0
2026,Eli Heidenreich,RB,Navy,AAC,72.00,198,9.50,29.25,72.69,4.44,35.50,16,120.00,7.32,4.31,230,1
2026,J'Mari Taylor,RB,Virginia,ACC,70.00,199,9.00,30.00,77.76,4.36,34.50,20,115.00,7.32,4.12,300,1
2026,Roman Hemby,RB,Indiana,Big Ten,72.00,207,9.50,31.00,74.48,4.29,28.05,18,100.56,7.32,3.79,300,0
2026,Rahsul Faison,RB,South Carolina,SEC,70.00,208,9.00,30.88,83.13,4.40,37.50,23,122.00,7.32,4.27,300,1
2026,Max Bredeson,RB,Michigan,Big Ten,74.00,252,10.00,30.13,86.23,4.94,36.75,26,110.64,7.32,4.63,159,0
2026,Adam Randall,RB,Clemson,ACC,75.38,232,9.63,32.38,85.96,4.50,37.00,26,124.00,7.32,4.53,174,1
2026,CJ Donaldson,RB,Ohio State,Big Ten,74.00,230,9.50,31.75,91.83,4.77,31.88,32,137.33,7.32,4.95,300,0
2026,Noah Whittington,RB,Oregon,Big Ten,68.00,205,8.25,29.13,87.87,4.56,45.95,24,133.30,7.32,4.91,300,1
2026,Olaivavega Ioane,IOL,Penn State,Big Ten,76.25,320,10.50,32.75,80.63,5.35,31.50,20,104.00,7.18,5.10,14,1
2026,Connor Lew,IOL,Auburn,SEC,75.38,310,9.00,32.38,83.09,4.98,22.02,31,96.57,7.01,5.04,128,1
2026,Trey Zuhn III,IOL,Texas A&M,SEC,78.50,312,10.00,32.50,73.67,5.35,29.12,33,104.89,8.67,4.57,91,1
2026,Chase Bisontis,IOL,Texas A&M,SEC,77.25,315,9.75,31.75,78.88,5.02,32.00,29,105.00,7.53,4.78,34,1
2026,Emmanuel Pregnon,IOL,Oregon,Big Ten,76.25,314,11.00,33.63,82.88,5.21,35.00,24,111.00,7.26,4.88,88,1
2026,Gennings Dunker,IOL,Iowa,Big Ten,77.00,319,10.00,33.50,82.13,5.18,32.50,26,108.00,6.47,4.63,96,1
2026,Billy Schrauth,IOL,Notre Dame,FBS Independent,77.00,310,10.25,32.88,77.04,5.22,42.90,29,88.27,8.09,4.47,160,0
2026,Alex Harkey,IOL,Oregon,Big Ten,78.00,308,10.13,31.75,85.92,5.38,30.17,29,110.01,7.69,4.20,206,0
2026,Parker Brailsford,IOL,Alabama,SEC,74.00,289,9.50,32.00,86.14,4.95,32.50,27,118.00,7.93,4.72,146,1
2026,Keylan Rutledge,IOL,Georgia Tech,ACC,76.00,316,10.00,33.25,76.94,5.05,32.50,28,104.00,7.54,4.54,26,1
2026,Jake Slaughter,IOL,Florida,SEC,77.00,303,10.00,32.38,90.12,5.10,32.50,31,110.00,7.68,4.64,63,1
2026,Brian Parker II,IOL,Duke,ACC,77.25,309,10.00,32.88,56.44,5.14,28.16,29,109.00,7.66,4.80,189,1
2026,Jager Burton,IOL,Kentucky,SEC,76.00,312,10.13,32.50,68.24,4.94,28.00,25,111.00,8.19,4.94,153,1
2026,Matt Gulbin,IOL,Michigan State,Big Ten,76.00,305,9.50,31.75,61.19,4.78,31.32,36,111.71,8.04,4.65,209,0
2026,Logan Jones,IOL,Iowa,Big Ten,74.88,299,9.50,30.75,68.73,4.90,32.00,34,110.00,7.46,4.59,57,1
2026,Ar'maj Reed-Adams,IOL,Texas A&M,SEC,78.00,314,10.00,34.38,65.86,5.28,29.50,37,110.00,7.88,4.77,241,1
2026,Jalen Farmer,IOL,Kentucky,SEC,76.88,312,9.25,34.25,54.68,4.93,27.00,16,108.00,7.38,4.87,113,1
2026,Pat Coogan,IOL,Indiana,Big Ten,77.00,311,9.25,31.13,69.83,4.99,37.22,24,112.22,7.62,4.47,194,0
2026,Beau Stephens,IOL,Iowa,Big Ten,77.50,315,9.25,31.13,75.04,5.35,28.00,27,102.00,7.03,4.66,148,1
2026,Sam Hecht,IOL,Kansas State,Big 12,76.13,303,9.88,31.63,76.88,5.10,28.00,35,101.00,7.75,4.71,144,1
2026,DJ Campbell,IOL,Texas,SEC,75.00,313,10.25,34.25,66.48,5.01,26.50,28,104.00,7.59,4.64,200,1
2026,Evan Beerntsen,IOL,Northwestern,Big Ten,75.50,301,9.38,32.13,93.40,5.25,32.50,25,105.00,7.85,4.56,253,1
2026,Garrett DiGiorgio,IOL,UCLA,Big Ten,78.63,319,10.13,32.63,84.37,5.36,29.50,24,106.00,7.21,4.98,300,1
2026,Anez Cooper,IOL,Miami (FL),ACC,78.00,334,10.00,34.00,96.83,5.15,28.40,26,113.07,7.26,4.84,188,0
2026,Joshua Braun,IOL,Kentucky,SEC,78.00,325,10.50,34.63,79.08,4.57,28.08,22,105.67,7.62,4.76,300,1
2026,Jaeden Roberts,IOL,Alabama,SEC,77.00,333,10.25,33.38,87.24,5.59,41.01,25,91.53,8.20,3.66,300,1
2026,Dillon Wade,IOL,Auburn,SEC,75.00,316,10.00,31.88,77.14,5.02,28.50,21,104.00,7.43,4.48,300,1
2026,Micah Morris,IOL,Georgia,SEC,77.25,334,10.38,33.63,96.88,5.09,29.50,29,112.00,8.12,4.64,207,1
2026,Febechi Nwaiwu,IOL,Oklahoma,SEC,76.00,319,9.63,34.25,85.04,5.51,24.50,35,105.00,7.80,4.73,106,1
2026,Fernando Carmona,IOL,Arkansas,SEC,77.00,316,9.50,32.13,80.39,5.22,29.00,26,103.00,7.50,4.75,142,1
2026,Logan Taylor,IOL,Boston College,ACC,79.00,314,10.50,33.88,71.34,5.19,31.00,20,108.00,7.75,4.84,202,1
2026,Jeremiah Wright,IOL,Auburn,SEC,77.00,306,10.25,34.50,76.75,5.14,24.40,30,108.62,6.97,4.56,132,0
2026,Jordyn Tyson,WR,Arizona State,Big 12,74.13,203,9.13,30.25,75.25,4.49,36.03,26,126.89,7.42,4.18,8,1
2026,Carnell Tate,WR,Ohio State,Big Ten,74.25,192,10.25,31.75,78.00,4.53,36.93,24,118.30,6.44,4.15,4,1
2026,Omar Cooper Jr.,WR,Indiana,Big Ten,72.13,196,9.63,30.25,75.25,4.42,37.00,34,119.03,8.07,4.34,30,1
2026,Makai Lemon,WR,USC,Big Ten,71.13,192,8.75,30.50,73.25,4.34,36.52,25,127.75,7.64,4.48,20,0
2026,KC Concepcion,WR,Texas A&M,SEC,71.63,196,9.25,30.25,74.88,4.40,36.32,28,113.50,6.73,4.50,24,0
2026,Denzel Boston,WR,Washington,Big Ten,75.63,212,9.63,32.00,77.38,4.48,35.00,29,133.48,7.37,4.28,39,1
2026,Germie Bernard,WR,Alabama,SEC,73.25,206,9.88,30.38,75.81,4.45,32.50,26,125.00,6.71,4.31,47,1
2026,Brenen Thompson,WR,Mississippi State,SEC,69.38,164,9.00,29.38,69.04,4.26,39.16,15,128.38,6.37,3.73,105,1
2026,Zachariah Branch,WR,Georgia,SEC,68.63,177,9.00,29.38,72.38,4.35,38.00,20,125.00,7.58,4.45,79,1
2026,Chris Brazzell II,WR,Tennessee,SEC,76.00,198,9.00,32.38,80.13,4.37,39.13,28,137.69,5.84,4.30,83,1
2026,Malachi Fields,WR,Notre Dame,FBS Independent,76.50,218,9.00,32.13,79.00,4.61,38.00,25,124.00,6.98,4.35,74,1
2026,Eric McAlister,WR,TCU,Big 12,76.00,194,9.63,32.63,81.53,4.60,42.20,25,122.71,6.58,4.32,300,0
2026,Antonio Williams,WR,Clemson,ACC,71.50,187,9.25,30.63,76.00,4.41,39.50,10,124.00,4.71,4.10,71,1
2026,Elijah Sarratt,WR,Indiana,Big Ten,74.50,210,10.00,31.25,75.63,4.59,40.89,24,130.14,6.73,4.30,115,0
2026,Chris Bell,WR,Louisville,ACC,73.88,222,10.00,31.75,76.75,4.41,33.43,29,126.43,6.81,4.36,94,0
2026,Kevin Coleman Jr.,WR,Missouri,SEC,70.25,179,9.50,30.00,73.51,4.49,38.50,15,126.00,8.44,4.37,177,1
2026,Eric Rivers,WR,Georgia Tech,ACC,70.13,176,9.00,30.50,74.99,4.35,37.00,25,127.00,6.77,4.47,300,1
2026,Josh Cameron,WR,Baylor,Big 12,73.50,220,10.25,33.13,76.56,4.39,30.91,17,125.06,7.02,4.10,191,0
2026,Vinny Anthony II,WR,Wisconsin,Big Ten,71.88,183,9.13,31.13,65.10,4.54,34.50,15,112.39,6.86,4.07,300,1
2026,Skyler Bell,WR,UConn,FBS Independent,71.63,192,10.00,31.13,74.09,4.40,41.00,29,133.00,7.37,4.64,125,1
2026,Ted Hurst,WR,Georgia State,Sun Belt,75.88,206,9.63,32.63,74.82,4.42,36.50,25,135.00,5.65,4.24,84,1
2026,Jeff Caldwell,WR,Cincinnati,Big 12,77.00,216,9.63,32.63,78.98,4.31,42.00,29,134.00,7.91,4.51,300,1
2026,Bryce Lance,WR,North Dakota State,MVFC,75.38,204,9.25,32.13,78.99,4.34,41.50,33,133.00,7.47,4.52,136,1
2026,Reggie Virgil,WR,Texas Tech,Big 12,75.00,187,9.25,31.25,79.35,4.57,36.00,24,127.00,6.74,4.67,143,1
2026,Ja'Kobi Lane,WR,USC,Big Ten,76.38,200,10.50,32.63,79.55,4.47,40.00,30,129.00,6.16,4.22,80,1
2026,Deion Burks,WR,Oklahoma,SEC,69.75,180,9.50,29.38,72.75,4.30,42.50,26,131.00,6.67,3.91,254,1
2026,Barion Brown,WR,LSU,SEC,70.00,177,9.00,31.50,77.37,4.40,40.76,23,132.36,6.22,4.54,190,1
2026,Aaron Anderson,WR,LSU,SEC,68.00,191,9.25,29.75,72.06,4.71,30.00,18,113.00,6.96,3.91,300,1
2026,Zavion Thomas,WR,LSU,SEC,70.38,190,9.00,30.50,72.31,4.28,36.00,25,123.64,5.83,4.49,89,1
2026,J. Michael Sturdivant,WR,Florida,SEC,74.88,207,9.50,32.88,76.36,4.40,39.00,17,131.00,7.15,4.01,300,1
2026,Kendrick Law,WR,Kentucky,SEC,71.38,203,9.63,31.13,78.04,4.45,42.00,21,128.00,7.47,4.07,168,1
2026,Chase Roberts,WR,BYU,Big 12,75.25,209,9.63,31.50,75.07,4.64,37.00,16,126.00,6.51,4.26,300,1
2026,CJ Daniels,WR,Miami (FL),ACC,74.00,202,9.25,31.75,82.56,4.26,37.80,21,127.32,7.24,4.31,197,0
2026,De'Zhaun Stribling,WR,Ole Miss,SEC,74.13,207,10.00,31.63,81.96,4.36,36.00,15,127.00,6.90,4.50,33,1
2026,Harrison Wallace III,WR,Ole Miss,SEC,72.00,192,8.38,32.13,75.28,4.54,36.39,28,121.81,6.37,4.63,300,1
2026,Kaden Wetjen,WR,Iowa,Big Ten,69.00,193,8.50,29.63,69.05,4.47,35.50,22,111.10,6.63,4.38,121,1
2026,Caullin Lacy,WR,Louisville,ACC,69.13,183,9.88,29.38,70.67,4.55,33.50,29,116.00,6.35,4.56,300,1
2026,Colbie Young,WR,Georgia,SEC,76.75,218,9.50,31.88,88.13,4.49,36.04,25,139.50,6.50,4.30,140,1
2026,Caleb Douglas,WR,Texas Tech,Big 12,75.50,206,10.13,32.50,80.86,4.39,31.50,26,126.00,6.17,4.10,75,1
2026,Jalen Walthall,WR,Incarnate Word,Southland,73.00,191,9.00,31.25,79.08,4.57,35.00,20,131.00,7.78,4.40,300,1
2026,Jordan Hudson,WR,SMU,ACC,73.00,191,9.25,31.13,85.60,4.46,41.40,20,136.73,6.54,4.62,300,0
2026,Donaven McCulley,WR,Michigan,Big Ten,76.50,203,10.25,32.63,68.68,4.53,36.48,25,132.25,6.80,3.90,300,0
2026,Dillon Bell,WR,Georgia,SEC,72.75,209,9.50,30.25,73.04,4.50,39.00,23,126.00,6.94,4.56,300,1
2026,Emmanuel Henderson Jr.,WR,Kansas,Big 12,72.88,185,8.38,31.00,72.82,4.44,35.00,20,120.00,7.56,4.41,199,1
2026,Malik Benson,WR,Oregon,Big Ten,72.13,189,8.63,31.88,75.70,4.37,32.50,23,122.00,7.02,4.44,195,1
2026,Chris Hilton Jr.,WR,LSU,SEC,72.00,188,9.25,32.00,65.33,4.41,34.50,21,122.00,7.25,4.41,300,1